蔡徐坤,蔡徐坤（KUN），1998年8月2日出生于浙江省温州市，户籍湖南吉首，中国内地男歌手、演员、原创音乐制作人、MV导演。2012年8月，蔡徐坤参演的偶像剧《童话二分之一》播出，由此开始步入大众视线。2018年1月，参加竞演类综艺节目《偶像练习生》并以总票数第一正式出道，成为限定男团NINE PERCENT队长；8月，发行首张EP《1》，获2018亚洲新歌榜年度盛典最受欢迎潜力男歌手奖；随后，他还发行原创单曲《Wait Wait Wait》，并携手格莱美奖最佳MV获奖导演戴夫·迈尔斯打造歌曲MV。2019年1月，被授予“中牙友好大使暨中牙杰出青年领袖人物”称号；3月，成功开启横跨三个国家、六座城市的海外公演《ONE》；7月，发行首张数字专辑《YOUNG》；10月，携手中国儿童少年基金会共同设立“葵计划爱心基金”。2020年3月，加盟《青春有你第二季》担任青春制作人代表；4月9日，原创公益歌曲《Home》全网上线；随后，加盟户外竞技真人秀《奔跑吧第四季》担任常驻MC；7月，获第27届东方风云榜最佳男歌手等三个奖项。2021年1月，获得第二届TMEA腾讯音乐娱乐盛典年度最具影响力唱作歌手和年度最具号召力歌手两个奖项，单曲《情人》获得年度十大金曲奖；4月13日，发行个人创作专辑《迷》；7月17日，于北京凯迪拉克中心举办首场个人巡回演唱会，同年获第三届TMEA腾讯音乐娱乐盛典年度最具影响力制作人等多项荣誉。2023年1月24日，参加《奋进新征程——2023中国网络视听年度盛典》，演唱歌曲《默片》。,"{'中文名': '蔡徐坤', '外文名': 'KUN', '国籍': '中国', '民族': '汉族', '出生地': '浙江温州', '出生日期': '1998年8月2日', '星座': '狮子座', '血型': 'A型', '身高': '184 cm', '体重': '60 kg', '职业': '歌手、演员、音乐制作人', '经纪公司': '蔡徐坤工作室', '代表作品': ""重生、情人、Home、迷、YOUNG、没有意外、蒙着眼、Wait Wait Wait、Pull Up、You Can Be My GirlFriend、Hard To Get、IT'S YOU、Hug me"", '主要成就': '第十五届MAHB年度先生盛典年度先生奖2019智族GQ年度人物盛典年度人气偶像奖中牙友好大使暨中牙杰出青年领袖人物2020TMEA音乐盛典年度最具号召力歌手、最具影响力创作歌手音乐盛典咪咕汇2020年度内地最佳男歌手、内地最受欢迎男歌手展开主要成就第十五届MAHB年度先生盛典年度先生奖2019智族GQ年度人物盛典年度人气偶像奖中牙友好大使暨中牙杰出青年领袖人物2020TMEA音乐盛典年度最具号召力歌手、最具影响力创作歌手音乐盛典咪咕汇2020年度内地最佳男歌手、内地最受欢迎男歌手2020微博之夜微博年度原创音乐人收起', '户籍': '湖南吉首', '粉丝名': 'IKUN', '性别': '男', '毕业学校': '深圳市南山区第二实验学校'}","defaultdict(<class 'list'>, {'队友': ['刘也', '赵品霖', '俞更寅', '吾木提·吐尔逊', '何屹繁'], '搭档': ['李晨', 'Angelababy', '郑恺', '白鹿'], '前队友': ['范丞丞', '陈立农', '黄明昊', '林彦俊', '朱正廷', '王子异', '小鬼', '尤长靖']})",['该人物没有人物生平相关信息']
刘也,刘也，1993年11月15日出生于吉林省松原市，中国流行乐男歌手，男子演唱组合SWIN-S、R1SE成员。2015年7月，参加安徽卫视青春励志榜样养成类真人秀《星动亚洲第一季》。2016年，刘也参加《星动亚洲第二季》，进入星动亚洲梦之队，并加入组合SWIN，正式出道；12月，随组合发行首张迷你专辑《New World》。2017年5月，随组合举办巡回歌迷见面会；7月，随组合发行首张数字专辑《EP1》。2018年1月，随组合发行第二张数字专辑《EP2》；2月，参加优酷舞蹈节目《这！就是街舞》，止步12强；2019年4月，作为选手参与录制腾讯视频青年团训选秀节目《创造营2019》，最终在节目中获第8名，成功出道；8月，随R1SE推出首张音乐EP《就要掷地有声的炸裂》；12月，其参与的综艺《十一少年的秋天》上线；并随R1SE推出第二张音乐EP《炸裂狂想曲》。2022年8月4日，官宣参加8月19日举办的耳浪音乐节。,"{'中文名': '刘也', '外文名': '리우예', '别名': '小也、也子', '国籍': '中国', '民族': '汉族', '出生地': '吉林省松原市', '出生日期': '1993年11月15日', '星座': '天蝎座', '身高': '177 cm', '职业': '歌手', '经纪公司': '刘也个人工作室', '代表作品': '就要掷地有声的炸裂、无愧、荣耀的战场、少年如故、R.1.S.E、喊出我的名字、fireman'}","defaultdict(<class 'list'>, {'队友': ['俞更寅', '蔡徐坤', '何屹繁', '吾木提·吐尔逊', '赵品霖'], '前队友': ['任豪']})",['刘也在北京齐鲁音乐学院和吉林省歌舞团进修过，练习过两年的民族舞，同时还精通现代舞和流行舞，具有中国舞蹈家协会流行舞教师的资格，曾随所属SPY Family舞队参与央视、北京春晚等卫视活动。2012年至2014年期间，刘也参加过《向上吧！少年》《快乐男声》《奇舞飞扬》等选秀节目。刘也']
赵品霖,赵品霖，1994年6月29日出生于浙江省温州市，中国内地男歌手、演员。2015年，参加青春励志榜样养成类真人秀《星动亚洲第一季》，从而进入演艺圈。2016年，出道加入男子组合SWIN-S，担任主唱，并发行首张迷你专辑《NEW WORLD》。2017年至2018年，随SWIN陆续发行音乐EP《EP1》《EP2》。2019年，在综艺节目《以团之名》决赛获得人气C位，随男子组合Black ACE发行同名EP《BlackACE》；同年，发行个人首张EP《Beautiful》，并在古装玄幻电影《妖宴长安》中首次担纲男主。2020年，发行个人第二张EP《Moon Light》。2021年，主演的古装玄幻电影《妖宴洛阳》上线。2022年，主演的都市爱情剧《你是我的美味》和古装轻喜剧《沧月绘》相继播出。2023年，发行音乐EP《不完美命题》。,"{'中文名': '赵品霖', '外文名': 'Pearain짜오핀린', '国籍': '中国', '民族': '汉族', '出生地': '浙江省温州市', '出生日期': '1994年6月29日', '星座': '巨蟹座', '身高': '180 cm', '体重': '67.5 kg', '毕业院校': '横店影视职业学院', '职业': '歌手、演员', '代表作品': '习惯了、黄金海岸、灰烬、淋雨的花火'}","defaultdict(<class 'list'>, {'队友': ['刘也', '蔡徐坤', '何屹繁', '吾木提·吐尔逊', '俞更寅']})","['赵品霖大学时就读于浙江横店影视职业学院，主修表演专业。2014年，他参加周星驰执导的3D喜剧电影《美人鱼》全国选角大赛，在10万选手中入选全国43强；同年，获金马传奇影视新星一等奖和最具活力奖。在学校期间，他作为东阳十佳歌手出席第六届“青牛奖”颁奖盛典，表演《另一个天堂》。', '生日写真']"
俞更寅,俞更寅，1996年4月28日出生于广东省，中国内地流行乐男歌手、演员、舞者。2015年，参加安徽卫视与韩国MBC电视台联合创办的综艺节目《星动亚洲第一季》，最终入围前15强。2016年，参加《星动亚洲第二季》，最终获得梦之队7强；同年，正式以男子团体SWIN成员身份出道，并担任音乐小分队SWIN-S的主唱兼队长。2018年，正式单飞，并成立俞更寅（上海）文化传媒工作室。2019年，以常驻评委身份参加海峡卫视两岸高校音乐大赛《青春最强音第三季》 ；同年，出演个人首部电影《兔子暴力》。2020年，主演古装爱情喜剧《原来是花男城啊！》。2021年，发布首支个人原创单曲《你还好吗》；同年，作为学员参加腾讯视频国际青年文化交流男团成长综艺《创造营2021》；8月，发布首张个人音乐专辑《梦原体》。,"{'中文名': '俞更寅', '外文名': 'Gengyin Yu', '别名': '小鱼、俞队', '国籍': '中国', '出生地': '广东省汕尾市陆丰市', '出生日期': '1996年4月28日', '星座': '金牛座', '身高': '183 cm', '体重': '68 kg', '毕业院校': '华强职业技术学院', '职业': '歌手、演员、舞者', '经纪公司': '俞更寅（上海）文化传媒工作室', '代表作品': '你还好吗、Top Now、准备好没有、梦岛、KeepRunning', '主要成就': '2015年《星动亚洲第一季》15强2016年《星动亚洲第二季》梦之队7强', '所属组合': 'SWIN、SWIN-S', '队内职务': '队长、主唱', '性别': '男'}","defaultdict(<class 'list'>, {'队友': ['刘也', '赵品霖', '何屹繁', '吾木提·吐尔逊', '蔡徐坤']})",['俞更寅出生于广东省，并在那里读书、成长。在学校就读期间，担任学生会外联部部长、音乐社社员，以《星期六的深夜》等歌曲成为校园十大歌手之一；此外，他还凭借一曲《可惜不是你》获得学校第三届校园十佳歌手第一名。']
吾木提·吐尔逊,吾木提·吐尔逊（Umut），1999年7月7日出生于新疆乌鲁木齐，男子组合SWIN成员，中国内地男歌手。2011年，吾木提·吐尔逊首次参加综艺节目《舞动好声音》。2014年5月，他又参加了浙江卫视主办的专业舞蹈评论节目《中国好舞蹈》。2014年11月21日，参加真人秀节目《中国好男儿》，最终进入全国前24强。2015年7月10日，吾木提·吐尔逊随Bswan团队获得了《星动亚洲》第一季冠军。2016年10月，因加入10人男子组合SWIN而正式出道；12月20日，所在组合SWIN-S发行首张迷你专辑《New World》。,"{'中文名': '吾木提·吐尔逊', '外文名': 'Umut', '别名': '希望', '国籍': '中国', '民族': '维吾尔族', '出生地': '新疆乌鲁木齐', '出生日期': '1999年7月7日', '星座': '巨蟹座', '血型': 'B型', '身高': '175 cm', '职业': '舞者、歌手', '经纪公司': '海尧（上海）影视传媒有限公司', '代表作品': 'New World、For You', '所在组合': 'SWIN'}","defaultdict(<class 'list'>, {'队友': ['刘也', '赵品霖', '俞更寅', '蔡徐坤', '何屹繁']})",['该人物没有人物生平相关信息']
何屹繁,何屹繁，1998年8月22日出生于四川宜宾，中国内地影视男演员、流行乐歌手。2015年10月16日，在安徽卫视青春励志真人秀《星动亚洲第一季》中夺冠。2016年3月4日，参与录制的青春励志真人秀《星动亚洲第二季》在安徽卫视播出；10月18日，以SWIN-S成员身份出道。2017年7月17日，随SWIN发布专辑《EP1》。2018年8月22日，发布个人全创作单曲《LEO KING》。2019年1月17日，参与录制的综艺节目《以团之名》在优酷视频播出。2020年5月27日，参演的古装武侠校园喜剧《暴走武林学园》在爱奇艺播出。2021年2月17日，参与录制的男团成长综艺《创造营2021》在腾讯视频播出。,"{'中文名': '何屹繁', '外文名': 'Leo', '国籍': '中国', '民族': '汉族', '出生地': '四川宜宾', '出生日期': '1998年8月22日', '星座': '狮子座', '身高': '175 cm', '体重': '55 kg', '毕业院校': '四川音乐学院', '职业': '歌手、演员', '经纪公司': '浩鑫娱乐', '代表作品': 'New World、LEO KING、星动亚洲、创造营2021', '主要成就': '《星动亚洲》第一季冠军队队员之一《星动亚洲》第二季最终梦之队七人之一《以团之名》未知少年队班长', '组合': 'SWIN-S'}","defaultdict(<class 'list'>, {'队友': ['刘也', '赵品霖', '俞更寅', '蔡徐坤', '吾木提·吐尔逊']})",['该人物没有人物生平相关信息']
李晨,李晨，1978年11月24日出生于北京市，中国内地影视男演员、导演、监制、赛车手，毕业于北京群星表演艺术学校。1997年，出演个人首部电视剧《十七岁不哭》，从而正式进入演艺圈。1998年，主演警匪剧《刑警本色》。2002年，在清宫剧《十三格格》中饰演男主角七贝勒。2004年，主演警匪剧《危情24小时》。2005年，主演刑侦剧《一针见血》。2006年，主演军旅励志剧《士兵突击》。2007年，主演剧情电影《地下的天空》。2008年，凭借电影《极限救援》获得“第11届上海电影节传媒大奖”最具潜力新人奖。2009年，主演灾难电影《唐山大地震》；同年主演抗战剧《我的团长我的团》。2010年，主演抗战剧《生死线》；同年，在都市情感剧《北京爱情故事》中饰演男主角吴狄。2011年，凭借电影《唐山大地震》获得“第五届娱乐大典”年度电影飞跃人物大奖；同年又主演青春励志剧《北京青年》。2012年，主演近代革命剧《好家伙》。2013年，主演医疗剧《到爱的距离》。2014年，参加浙江卫视户外竞技真人秀《奔跑吧兄弟》的录制；同年，主演古装宫廷剧《武媚娘传奇》。2015年，主演的抗战剧《秀才遇到兵》。2016年，获得“第18届华鼎奖”中国最佳电视剧男演员奖、第23届北京大学生电影节“最受大学生欢迎”的男演员奖。2017年，执导并主演现代空战题材电影《空天猎》。2018年，获得“2016-2017绿色中国年度人物”；同年，主演悬疑剧《七日生》。2019年6月27日，范冰冰宣布与李晨分手。2021年，主演电影《1921》。,"{'中文名': '李晨', '别名': '晨晨、晨儿、晨哥、大黑牛', '国籍': '中国', '民族': '汉族', '出生地': '北京市', '出生日期': '1978年11月24日', '星座': '射手座', '血型': 'B型', '身高': '180 cm', '体重': '76 kg', '毕业院校': '北京群星表演艺术学校', '职业': '演员、导演、赛车手', '经纪公司': '华谊兄弟时代文化经纪有限公司', '代表作品': '士兵突击、生死线、北京青年、北京爱情故事、好家伙、草帽警察、秀才遇到兵、唐山大地震、空天猎、十七岁不哭、1921、建党伟业', '主要成就': '2015福布斯中国名人榜排名第19位第11届上海国际电影节最具潜力男新人第37届国际艾美奖提名最佳男主角2012华鼎奖百强电视剧最佳男主角偶像励志题材电视剧最佳男演员第31届大众电影百花奖最佳男配角提名展开主要成就2015福布斯中国名人榜排名第19位第11届上海国际电影节最具潜力男新人第37届国际艾美奖提名最佳男主角2012华鼎奖百强电视剧最佳男主角偶像励志题材电视剧最佳男演员第31届大众电影百花奖最佳男配角提名2016年获得第23届北京大学生电影节“最受大学生欢迎”的男演员奖收起', '经纪人': '刘陆'}","defaultdict(<class 'list'>, {'前女友': ['范冰冰', '迪丽娜尔'], '祖母': ['张其超'], '好友': ['杨烁', '霍思燕', '张歆艺', '邓超', '沙溢', '郑恺', '杜江', '杜淳'], '搭档': ['马伊琍', '张芷溪', '袁姗姗', '马里山', '蔡徐坤', '马苏', '张译']})",[ERROR]检索人物生平信息出错
Angelababy,Angelababy（杨颖），1989年2月28日出生于上海市（一说为香港），华语影视女演员、时尚模特。2003年，Angelababy以模特身份出道，此后，因担任时尚模特而在香港崭露头角。2007年，开始将工作重心转向大银幕。2011年，在爱情片《夏日乐悠悠》中首次担任电影女主角。2012年，凭借言情片《第一次》获得第13届华语电影传媒大奖最受瞩目女演员奖。2013年，与其她三位女艺人被《南都娱乐周刊》选为新“四小花旦”；同年，她还完成了个人的荧屏处女作《大汉情缘之云中歌》。2014年，开始凭借真人秀《奔跑吧兄弟》赢得广泛关注；同年，她还因出演古装片《狄仁杰之神都龙王》获得第21届北京大学生电影节最受欢迎女演员奖。2015年，其主演的冒险片《鬼吹灯之寻龙诀》票房突破16亿人民币，而她也凭借该片获得第33届大众电影百花奖最佳女配角奖。2017年，其主演的古装剧《孤芳不自赏》取得全国同时段电视剧收视冠军。2020年，主演爱情片《明天你是否依然爱我》；同年，第八次入选福布斯中国名人榜，并位列第16位。,"{'中文名': '杨颖', '外文名': 'Angelababy', '别名': 'Baby、AB', '国籍': '中国', '民族': '汉族', '出生地': '上海市(一说为香港)', '出生日期': '1989年2月28日', '星座': '双鱼座', '血型': 'O型', '毕业院校': '嘉诺撒圣心商学书院', '职业': '演员、模特', '经纪公司': 'Angelababy工作室', '代表作品': '夏日乐悠悠、第一次、微微一笑很倾城、鬼吹灯之寻龙诀、狄仁杰之神都龙王、摆渡人、摩天大楼', '主要成就': '华语电影传媒大奖最受瞩目女演员北京大学生电影节最受欢迎女演员第33届大众电影百花奖最佳女配角奖', '生肖': '蛇', '亲属关系': '父母、弟弟、儿子', '使用语言': '普通话、吴语、粤语、英语、日语'}","defaultdict(<class 'list'>, {'儿子': ['小海绵'], '弟弟': ['杨帆'], '前夫': ['黄晓明'], '前男友': ['陈伟霆'], '好友': ['杨幂', '井柏然', '郑恺', '张大大', '韩火火'], '搭档': ['白鹿', '赵又廷', '任嘉伦', '蔡徐坤', '程枫', '苏青', '盛朗熙', '冯德伦']})",[ERROR]检索人物生平信息出错
郑恺,郑恺（Ryan），1986年4月17日出生于上海市，中国内地影视男演员，毕业于上海戏剧学院表演系。2007年，出演个人首部电影《奔跑吧有情人》，从而正式进入演艺圈。2008年，出演个人首部电视剧《都市六人行》。2009年，主演家庭科幻喜剧《家有外星人》。2010年，在都市励志情感剧《杜拉拉升职记》中饰演周亮。2011年，获得第6届风尚中国榜年度风尚影视新人奖；同年，主演都市爱情励志电影《奋斗》。2012年，主演都市情感剧《离婚前规则》。2013年，在青春爱情电影《致我们终将逝去的青春》中饰演许开阳。2014年，参加浙江卫视户外竞技真人秀节目《奔跑吧兄弟》；同年，凭借电影《前任攻略》获得第2届伦敦国际华语电影节最佳男配角奖。2015年，获得第15届华语电影传媒大奖最受瞩目男演员奖。2016年，在古装武侠剧《国士无双黄飞鸿》中饰演男主角黄飞鸿。2017年，获得时尚先生年度盛典年度实力偶像奖；同年，参加浙江卫视户外竞技真人秀节目《奔跑吧》；10月9日，其主演的都市情感剧《国民大生活》首播；12月8日，获得商业星力量巅峰人物年度盛典年度吸引力明星奖。2018年1月1日，获得国剧盛典年度影响力剧星奖；3月，获得第9届金扫帚奖最令人失望男演员；4月，参与录制浙江卫视明星户外竞技真人秀《奔跑吧第二季》；5月，参与录制东方卫视体验型励志综艺节目《青春同学会》；10月25日，获得时装之夜年度盛典时代创造力奖。12月，获得美国《综艺》杂志-跨越亚洲·明日之星奖。,"{'中文名': '郑恺', '外文名': 'Ryan', '别名': '小猎豹', '国籍': '中国', '民族': '汉族', '出生地': '上海市', '出生日期': '1986年4月17日', '星座': '白羊座', '血型': 'AB型', '身高': '178 cm', '体重': '65 kg', '毕业院校': '上海戏剧学院', '职业': '演员', '经纪公司': '华谊兄弟时代文化经纪有限公司', '代表作品': '影、致我们终将逝去的青春、私人订制、前任攻略、国民大生活、也平凡', '主要成就': '2013年“优酷影视盛典电视剧”最具潜力演员奖2013年“风尚中国颁奖盛典”风尚影视新人奖2013年“MSN时尚影响力盛典”年度突破男演员奖2011年“影视盛典”最佳新人奖2018年时装之夜年度盛典时代创造力奖'}","defaultdict(<class 'list'>, {'妻子': ['苗苗'], '前女友': ['程晓玥'], '好友': ['李晨', 'Angelababy', '邓超', '沙溢', '白鹿', '杜江'], '搭档': ['葛优', '蔡徐坤', '韩庚']})",[ERROR]检索人物生平信息出错
白鹿,白鹿，1994年9月23日出生于江苏省常州市，中国内地女演员、模特。2016年7月，白鹿在陆虎单曲《留言》MV里担任女主角；9月，出演个人首部电视剧《朝歌》，从而正式进入演艺圈。2017年，白鹿在古装剧《凤囚凰》中一人分饰两角；12月，凭借爱情轻喜剧《大王不容易》获得腾讯视频星光大赏年度潜力电视剧女演员奖；同年，主演剧版《西游记女儿国》，饰演女儿国国王无双。2018年，凭借《凤囚凰》获得“年度戏剧潜力艺人”奖项。2019年，主演热血青春剧《烈火军校》和青春偶像剧《半是蜜糖半是伤》。2020年，主演轻喜剧《九流霸主》。2021年，主演古装轻喜剧《玉楼春》；同年，主演的古装剧《周生如故》和电视剧《一生一世》相继在爱奇艺播出。2022年，主演的市“警”百态生活剧《警察荣誉》在央视八套和爱奇艺播出。,"{'中文名': '白鹿', '外文名': 'Lu Bai', '国籍': '中国', '民族': '汉族', '出生地': '江苏省常州市', '出生日期': '1994年9月23日', '星座': '处女座', '身高': '165 cm', '体重': '47 kg', '毕业院校': '江苏联合职业技术学院(常州旅游商贸分院)', '职业': '演员、模特', '经纪公司': '欢娱影视', '代表作品': '招摇、周生如故、一生一世、烈火军校、半是蜜糖半是伤、长月烬明、宁安如梦', '主要成就': '腾讯视频星光大赏年度潜力电视剧女演员', '语种': '普通话、韩语', '特长': '舞蹈、唱歌', '原名': '白梦妍'}","defaultdict(<class 'list'>, {'好友': ['庄锭欣', '费启鸣', '刘些宁', '虞书欣', '张逸杰', '郑恺'], '搭档': ['Angelababy', '张若昀', '邓为', '孙珍妮', '任嘉伦', '张凌赫', '许凯', '罗云熙', '王鹤棣', '蔡徐坤']})",[ERROR]检索人物生平信息出错
范丞丞,范丞丞，2000年6月16日出生于山东省青岛市，中国内地男演员、歌手。2018年11月22日，发布首支个人单曲《I'm Here》；12月18日，获得第十届新京报“中国时尚权力榜”年度新势力艺人。2018年至2020年，连续三年参加浙江卫视跨年演唱会。2019年5月，担任浙江卫视《青春环游记》常驻嘉宾；6月16日，发行专辑《Like A Fan》；10月17日，范丞丞入选2019福布斯中国30位30岁以下精英榜。2020年，发行了首张EP《EMERGING》；2021年1月，主演的神话新武侠剧《灵域》在爱奇艺播出，饰演秦烈；3月3日，法国奢侈品牌纪梵希宣布歌手及演员范丞丞成为其品牌代言人；11月3日，主演的轻科幻冒险悬疑剧《致命愿望》在爱奇艺播出，饰演裘文东；11月19日，主演的电影《门锁》上映，饰演保安小吴。2022年5月，主演电影《了不起的夜晚》开机；7月29日，主演的电视剧《被遗忘的时光》在芒果tv播出，饰演路小凡。8月，宣布领衔主演电影《拨云见日》，并亮相第十二届北京国际电影节开幕式；8月14日，获得新浪2022微博电影之夜盛典“年度潜力演员”荣誉。,"{'中文名': '范丞丞', '外文名': 'Adam', '别名': '福西西', '国籍': '中国', '民族': '汉族', '出生地': '山东省青岛市', '出生日期': '2000年6月16日', '星座': '双子座', '血型': 'A型', '身高': '183 cm', '体重': '66 kg', '职业': '演员、歌手', '经纪公司': '范丞丞工作室', '代表作品': ""了不起的夜晚、I'm Here、门锁、致命愿望、灵域"", '主要成就': '第十届新京报“中国时尚权力榜”年度时尚艺人2018搜狐时尚盛典年度时尚影响力男明星2022微博电影之夜年度潜力演员', '所属团体': '乐华七子NEXT组合'}","defaultdict(<class 'list'>, {'父亲': ['范涛'], '母亲': ['张传美'], '姐姐': ['范冰冰'], '堂妹': ['范朵朵'], '队友': ['李权哲', '黄新淳', '丁泽仁', '毕雯珺', '朱正廷', '黄明昊'], '前队友': ['陈立农', '林彦俊', '王子异', '小鬼', '尤长靖', '蔡徐坤']})",[ERROR]检索人物生平信息出错
陈立农,陈立农，2000年10月3日出生于台湾省高雄市，中国台湾流行乐男歌手、影视演员。2018年，参加爱奇艺偶像男团竞演养成类真人秀节目《偶像练习生》，获得第2名，并加入男子演唱组合NINE PERCENT，从而正式出道；5月5日，随NINE PERCENT在上海举行“FAN MEETING TOUR-THX with LOVE”巡演首站；6月20日，为电影《解码游戏》演唱的同名主题曲《解码游戏》正式上线；9月，作为常驻嘉宾参加生活纪实观察类慢综艺《Hi室友》；10月3日，推出个人抒情单曲《我是你的》；11月，以常驻嘉宾身份参加实境经营真人秀节目《完美的餐厅》；11月20日，随NINE PERCENT推出组合首张音乐专辑《TO THE NINES》。2019年1月1日，推出个人单曲《一半是我》；1月5日，为电视剧《幕后之王》演唱的片头曲《有梦可待》上线；其后，主演古装奇幻电影《赤狐书生》；8月29日，其主演的电影《赤狐书生》杀青曲《前程似锦》上线；10月，以“比心团”成员身份参加华语名曲竞演综艺《这样唱好美》；10月31日，推出个人单曲《专属合约》；11月19日，在北京举行“陈立农 X 环球音乐‘N.E.W.S’签约记者会”，正式成为环球音乐签约歌手。2020年1月1日，加盟环球音乐后的首支音乐作品《幸福特写》正式上线；5月29日，发行首张个人专辑《格格不入》。2021年12月31日，发行专辑《日心说》。,"{'中文名': '陈立农', '外文名': 'Chen Linong', '别名': '农农、LEO、Cheers', '国籍': '中国', '出生地': '台湾省高雄市', '出生日期': '2000年10月3日', '星座': '天秤座', '血型': 'A型', '身高': '185 cm', '体重': '69 kg', '职业': '歌手、演员', '经纪公司': '上海天娱传媒有限公司', '代表作品': '格格不入、赤狐书生、日心说、HI室友', '主要成就': '首届《中国歌曲TOP排行榜》”最受欢迎新人”粤港澳大湾区电影行业大会“最受期待新演员”中国儿童少年基金会“儿童安全推广大使”2020腾讯视频星光大赏“年度飞跃电影演员”2018年《偶像练习生》第2名', '爱好': '唱歌、田径', '粉丝名': '农糖', '音乐公司': '环球唱片'}","defaultdict(<class 'list'>, {'好友': ['王彦霖'], '前队友': ['范丞丞', '朱正廷', '黄明昊', '林彦俊', '王子异', '小鬼', '尤长靖', '蔡徐坤']})",['陈立农出生于台湾省高雄市，小时候帮忙分担家计，9岁便跟随父亲在夜市卖烤鱿鱼，初中三年级与家人在夜市卖雪糕。陈立农高中就读于南强工商表演艺术科；2015年，他被星探挖掘，并在台湾参加了选秀比赛。之后，他与传奇星娱乐签约，成为旗下练习生。']
黄明昊,黄明昊（Justin），2002年2月19日出生于浙江省温州市瑞安市，中国内地男歌手。2017年4月，参加韩国选秀节目《Produce 101 第二季》。2018年4月6日，在偶像竞演养成类真人秀《偶像练习生》总决赛中获得第四名，成为NINE PERCENT成员正式出道；11月4日，担任实境经营真人秀《完美的餐厅》常驻嘉宾；11月5日，发行首支个人作词作曲原创单曲《Hard Road》；12月7日，发行第二首作词作曲个人原创歌曲《After Leaving》。2019年3月30日，担任实景解密体验秀《密室大逃脱》常驻嘉宾；4月23日，发行第三首个人原创单曲《Liar》；5月15日，联手日本Rapper - KOHH，带来全新合作单曲《Maria》；8月23日，担任文化体验节目《遇见天坛》常驻嘉宾；9月26日，发行个人原创歌曲《挣脱》；11月26日，发行个人原创单曲《请拨打我的电话please》。2020年1月4日，担任长城文化体验类节目《了不起的长城》常驻嘉宾；7月31日，担任代际互动观察类游戏综艺《元气满满的哥哥》常驻嘉宾；8月3日，发行首张个人音乐专辑《18》；9月26日，成为《快乐大本营》12期常驻嘉宾。2021年4月4日，担任互动励志体验节目《极限挑战第七季》常驻嘉宾“极限男团”；4月8日，演唱系列短剧《理想照耀中国》主题曲《理想》；10月15日，参加《抖音美好奇妙夜》；12月31日，参加《梦圆东方·2022东方卫视跨年盛典》。,"{'中文名': '黄明昊', '外文名': 'Minghao Huang', '别名': 'Justin', '国籍': '中国', '民族': '汉族', '出生地': '浙江省温州市', '出生日期': '2002年2月19日', '星座': '双鱼座', '血型': 'A型', '身高': '183 cm', '体重': '60 kg', '职业': '歌手', '经纪公司': '乐华娱乐', '代表作品': 'Hard Road、After Leaving、Liar、MARIA', '主要成就': '音乐先锋榜三十一载荣耀盛典“2018年度先锋唱作新人”2018新浪浙江微博盛典“浙江年度最具影响力艺人”第十七届MAHB时尚先生盛典“年度综艺人物”', '出道日期': '2018年4月6日', '粉丝名': 'Justina、Nana（女粉）；Justinba、Banana（男粉）'}","defaultdict(<class 'list'>, {'母亲': ['陈建平'], '队友': ['范丞丞', '李权哲', '黄新淳', '丁泽仁', '毕雯珺', '朱正廷'], '好友': ['杨幂'], '前队友': ['陈立农', '王子异', '小鬼', '尤长靖', '林彦俊', '蔡徐坤']})",[ERROR]检索人物生平信息出错
林彦俊,林彦俊（Evan Lin），1995年8月24日出生于海南省海口市，籍贯中国台湾，华语流行乐男歌手、演员。2017年，正式成为香蕉娱乐练习生团体Trainee18成员，并随TRAINEE 18推出练习生毕业单曲《ROCK THE SHOW》。2018年，参加爱奇艺偶像男团竞演养成类真人秀节目《偶像练习生》，获得第5名，并加入男子演唱组合NINE PERCENT，从而正式出道；8月24日，推出个人Trap风格的单曲《YOU》；11月20日，随NINE PERCENT推出组合首张音乐专辑《TO THE NINES》。2019年1月7日，推出首张个人音乐EP《刚好的伤口》；3月25日，获得第26届东方风云榜音乐盛典港台地区最佳新锐歌手奖，而他的EP《刚好的伤口》则获得了港台地区最受欢迎EP奖；4月12日，推出第2张个人音EP《ESCAPE.》；8月24日，推出专辑《对手》。2020年，4月16日，推出单曲《You Are So Beautiful》；5月，主演电视剧《一见倾心》；10月27日，发行个人专辑的先行EP《1995》。2022年3月31日，发行“回归三部曲”系列单曲最终章《别待了》。,"{'中文名': '林彦俊', '外文名': 'Evan Lin', '别名': '小橘', '国籍': '中国', '出生地': '海南省海口市', '出生日期': '1995年8月24日', '星座': '处女座', '身高': '181 cm', '体重': '63 kg', '毕业院校': '广东外语外贸大学(休学)', '职业': '歌手、演员', '经纪公司': '香蕉娱乐', '代表作品': '一见倾心、You Are So Beautiful、对手、Escape.、刚好的伤口、Over you、原来我很爱你', '主要成就': '2018年《偶像练习生》第5名2019年第26届东方风云榜音乐盛典港台地区最佳新锐歌手奖'}","defaultdict(<class 'list'>, {'搭档': ['陈星旭'], '前队友': ['范丞丞', '小鬼', '陈立农', '王子异', '朱正廷', '尤长靖', '黄明昊', '蔡徐坤']})",['林彦俊出生于海南省海口市，父亲是台湾人，母亲是江西人，因为父母工作原因，分别在台湾、江西、广东等不同地方生活成长接受教育，并通过港澳台学生联考进入广东外语外贸大学，读完大一后他选择休学，回台湾完成服兵役。2016年，林彦俊与台湾经纪公司签约，因为没有得到当初签约时允诺的培训，而和其他成员一起在公司门口召开记者会出面控诉。之后，林彦俊通过上海香蕉娱乐全球练习生海选，与香蕉娱乐签约，并正式成为香蕉娱乐练习生。']
朱正廷,朱正廷，1996年3月18日出生于安徽省，中国内地流行乐男歌手、影视演员、舞者、音乐制作人，前男子演唱组合NINE PERCENT成员、乐华七子NEXT队长。2014年获全国职业技能大赛舞蹈类一等奖；同年，进入上海戏剧学院中国舞（表演）本科班就读。2017年，参加韩国Mnet有线电视台音乐选秀节目《Produce 101 第二季》。2018年1月，参加爱奇艺偶像男团竞演养成类真人秀节目《偶像练习生》，获得第6名，并加入男子演唱组合NINE PERCENT，从而正式出道；6月21日，随乐华七子NEXT推出组合首张音乐专辑《THE FIRST》；11月，成为中国青少年航天科普计划“太空C计划”志愿者，担任太空生存探索挑战类节目《挑战吧！太空》固定嘉宾；11月20日，随NINE PERCENT推出组合首张音乐专辑《TO THE NINES》；12月1日，发布首支个人单曲《THE WINTER LIGHT》。2019年9月23日，推出首张个人MINI专辑《Chapter Z》；10月17日，入选2019福布斯中国30岁以下精英榜。2020年9月30日，参演的首部电影《急先锋》上映。2022年1月30日，担任主演的首部电视剧《冰球少年》播出；6月27日，发行首张个人专辑《T》11月，入选电影频道“2022星辰大海青年演员优选计划”并获评优秀学员；2023年1月1日起，举办首轮个人演唱会“神秘任务”。,"{'中文名': '朱正廷', '外文名': '정정Theo', '别名': '正廷、正正、贝贝', '国籍': '中国', '民族': '汉族', '出生地': '安徽省马鞍山市', '出生日期': '1996年3月18日', '星座': '双鱼座', '血型': 'O型', '身高': '183 cm', '毕业院校': '上海戏剧学院', '职业': '歌手、演员、舞者、音乐制作人', '经纪公司': '乐华娱乐', '代表作品': 'Chapter Z、冰球少年、T、急先锋、陷、Empty Space、待签收', '主要成就': '2018年《偶像练习生》第6名2014年全国职业院校技能大赛中职组中国舞个人一等奖上海戏剧学院兴全杯学生剧目舞蹈比赛一等奖2018年度网易云音乐人气超新星2019年百度沸点年度沸点明星展开主要成就2018年《偶像练习生》第6名2014年全国职业院校技能大赛中职组中国舞个人一等奖上海戏剧学院兴全杯学生剧目舞蹈比赛一等奖2018年度网易云音乐人气超新星2019年百度沸点年度沸点明星第十六届MAHB 时尚先生盛典年度公益大使2019年COSMO 时尚美丽盛典“传承·美”年度人物入选2019福布斯中国30岁以下精英榜2020新浪时尚风格大赏年度时尚热点艺人收起', '籍贯': '安徽省马鞍山市'}","defaultdict(<class 'list'>, {'队友': ['范丞丞', '李权哲', '黄新淳', '丁泽仁', '毕雯珺', '黄明昊'], '搭档': ['白澍', '徐好', '卢昱晓'], '前队友': ['陈立农', '林彦俊', '王子异', '小鬼', '尤长靖', '蔡徐坤']})","['朱正廷出生于安徽省，8岁开始学习中国舞，9岁便一个人在外面求学，12岁学习了芭蕾舞，16岁又学习了现代舞，由于母亲对他的教育很严格，加上自己在舞蹈方面的资质，他多次在舞蹈比赛中取得过第一名的成绩。', '2014年6月，在全国职业院校技能大赛中职组中国舞表演比赛中获得个人一等奖；9月，以中国舞专业第一的成绩被上海戏剧学院录取；同年，朱正廷凭借个人舞蹈表演《思思雨落》获得上海戏剧学院舞蹈学院“兴全杯”学生剧目舞蹈比赛一等奖，也是唯一获奖的大一生。']"
王子异,王子异，1996年7月13日出生于山西省，中国内地流行乐男歌手、演员，前男子演唱组合NINE PERCENT成员。2018年，参加爱奇艺偶像男团竞演养成类真人秀节目《偶像练习生》，获得第7名，并加入男子演唱组合NINE PERCENT；7月13日，推出首支个人单曲《AMH》；11月20日，随NINE PERCENT推出组合首张音乐专辑《TO THE NINES》；12月19日，推出个人单曲《6am》；12月20日，获得搜狗IN盛典年度时尚先锋艺人奖。2019年7月13日，推出个人单曲《OVERDRIVE》；10月13日，推出个人单曲《海》；10月17日，入选2019福布斯中国30岁以下精英榜；11月17日，获得亚洲音乐盛典年度最佳唱作男歌手奖。2020年，搭档秦岚高以翔领衔主演电视剧《怪你过分美丽》，饰演男二徐陵，并为电视剧演唱插曲，6月17日推出单曲《意中人》、6月27日推出单曲《22》、7月2日推出单曲《谁》；7月13日推出个人单曲 《Yessir》；8月1日推出个人单曲《Stylish》；8月25日推出个人单曲《First Sight》；9月29日推出个人单曲《99》；10月24日首场个人演唱会CONCERT，12月15日发布王子异2020演唱会纪录片 《Dwell In Possibility》；12月22日，推出个人单曲《Come here.》12月19日，获搜狐时尚盛典年度时尚影响力男明星荣誉。2021年，搭档金晨领衔主演都市爱情剧《不会恋爱的我们》开机，饰演男一号顾嘉心；同年12月29日，王子异担任中视协演工委委员。2022年，搭档毛晓彤特别主演都市情感剧剧《心想事成》开机，饰演于非。,"{'中文名': '王子异', '外文名': 'Boogie', '别名': '子异', '国籍': '中国', '民族': '汉', '出生地': '山西省太原', '出生日期': '1996年7月13日', '星座': '巨蟹座', '血型': 'B型', '身高': '188 cm', '职业': '歌手、演员', '经纪公司': '王子异工作室', '代表作品': '怪你过分美丽、Yessir、Stylish、99、First Sight、OVERDRIVE、6am、AMH', '主要成就': '2018年《偶像练习生》第7名2018年搜狗IN盛典年度时尚先锋艺人奖2019年亚洲音乐盛典年度最佳唱作男歌手奖2020年搜狐时尚盛典年度时尚影响力男明星', '性别': '男'}","defaultdict(<class 'list'>, {'前队友': ['范丞丞', '陈立农', '黄明昊', '林彦俊', '朱正廷', '蔡徐坤', '小鬼', '尤长靖']})",['该人物没有人物生平相关信息']
小鬼,小鬼（Lil Ghost），本名王琳凯，1999年5月20日出生于山东省烟台市海阳市，成长于福建省厦门市，中国内地说唱男歌手、影视演员，北京现代音乐研修学院流行舞系2016级学生。2017年，参加爱奇艺Hip-Hop音乐选秀节目《中国有嘻哈》，获得全国70强，从而正式进入演艺圈；2018年1月，参加爱奇艺偶像男团竞演养成类真人秀节目《偶像练习生》，最终加入九人男团NINE PERCENT并正式出道；8月29日，获得华人歌曲音乐盛典全媒体推荐年度新人奖，而歌曲《Good Night》则获得年度金曲奖；11月20日，随NINE PERCENT推出组合首张音乐专辑《TO THE NINES》。2019年5月11日，获得音乐先锋榜三十一载荣耀盛典2018年度先锋创作新人奖、2018年度最具人气歌手奖，而单曲《上》则获得了最受欢迎20大金曲奖；5月20日，推出首张个人音乐EP《Lil ghost2.0》。2021年4月9日，加盟北京冬奥会真人秀《冬梦之约》；4月28日，发布混音单曲《Mood (Lil Ghost Remix|Explicit)》。9月1日在冒险网络剧《云南虫谷》中演唱主题曲《不侵》。2022年2月1日，参加《2022年北京广播电视台春节联欢晚会》。2023年1月24日，参加“奋进新征程——2023中国网络视听年度盛典”，演唱《哈鹿哈鹿哈鹿》。,"{'中文名': '小鬼', '外文名': 'Lil Ghost', '国籍': '中国', '民族': '汉族', '出生地': '山东省', '出生日期': '1999年5月20日', '星座': '金牛座', '血型': 'B型', '身高': '177 cm', '职业': '歌手、制作人', '经纪公司': '果然娱乐', '代表作品': 'TO THE NINES、GOOD NIGHT、别叫我达芬奇、Ready Now、Unicorn、不侵', '主要成就': '2017年《中国有嘻哈》全国70强2018年《偶像练习生》第8名2018年华人歌曲音乐盛典全媒体推荐年度新人奖', '原名': '王琳凯', '结业院校': '北京现代音乐研修学院'}","defaultdict(<class 'list'>, {'前队友': ['范丞丞', '林彦俊', '陈立农', '黄明昊', '朱正廷', '蔡徐坤', '王子异', '尤长靖']})",['该人物没有人物生平相关信息']
尤长靖,尤长（zhǎng）靖，1994年9月19日出生于马来西亚柔佛州，祖籍中国福建省，马来西亚华裔，华语流行乐男歌手、音乐制作人，练习生团体Trainee18、前男子演唱组合NINE PERCENT成员。2017年，正式成为香蕉娱乐练习生团体Trainee18成员。2018年，参加爱奇艺偶像男团竞演养成类真人秀节目《偶像练习生》，获得第9名，并加入男子演唱组合NINE PERCENT，从而正式出道；同年，为古装剧《扶摇》演唱的人物主题曲《傲红尘》、为动画电影《昨日青空》演唱的同名主题曲《昨日青空》相继上线；11月3日，获得“北京·国风极乐夜”音乐盛典最佳国风新锐男歌手奖；11月20日，随NINE PERCENT推出组合首张音乐专辑《TO THE NINES》。2019年3月16日，他被评选为LikeTCCAsia亚太区最帅100张面孔第68位；5月15日，个人首专第一首歌《一颗星的夜》正式上线；7月10日，为电视剧《亲爱的，热爱的》演唱的插曲《爱不由我》正式上线；12月27日，由他演唱的歌曲《到时见》上线。2020年9月19日，推出个人单曲《是你想成为的大人吗》；10月23日，演唱的《风犬少年的天空》插曲《如果不是你》MV发布；10月27日，推出首张个人专辑《AZORAland·我是尤长靖》。,"{'中文名': '尤长靖', '外文名': 'Azora Chin', '别名': '长靖', '国籍': '马来西亚', '出生地': '马来西亚柔佛州', '出生日期': '1994年9月19日', '星座': '处女座', '身高': '176 cm', '体重': '60 kg', '毕业院校': '南京艺术学院', '职业': '歌手、音乐制作人', '经纪公司': '香蕉娱乐', '代表作品': '一颗星的夜、是你想成为的大人吗、如果你也这样过、昨日青空、荒诞学家、启、傲红尘、Christmas有你、AZORAland·我是尤长靖', '主要成就': '2018年《偶像练习生》第9名2018年“北京·国风极乐夜”音乐盛典最佳国风新锐男歌手奖2019年LikeTCCAsia亚太区最帅100张面孔第68位', '祖籍': '福建省'}","defaultdict(<class 'list'>, {'前队友': ['范丞丞', '陈立农', '黄明昊', '林彦俊', '朱正廷', '蔡徐坤', '王子异', '小鬼']})","['尤长靖(5张)尤长靖出生于马来西亚，从小就特别喜欢在舞台上唱歌。初中的时候，他参加了社团。13岁时，他看到家附近广场有唱歌比赛，想去参加，家人一开始不同意，最终家人拧不过他，还是让他去了，但不允许唱情歌，要唱属于他年纪的《小乌龟》。之后，尤长靖开始参加各类比赛。高中毕业后，尤长靖向家人提出，要离开马来西亚，去南京读书，而后来到中国就读于南京艺术学院。', '2016年10月，他参加了香蕉娱乐在全国招募TRAINEE 18练习生的活动，表演了唱歌及跳舞才艺，并顺利晋级。']"
任豪,任豪（P.O.I），1995年7月17日出生于四川省成都市，中国内地流行乐男歌手、影视演员，男子演唱组合ZERO-G、R1SE成员。2014年，任豪通过白色系文化选拔，成为旗下练习生。2015年12月24日，作为ZERO-G一期成员正式亮相，并加入嘻哈战队。2016年，随ZERO-G推出组合首张EP专辑《Zero Gravity》；同年，出演个人首部电影《王者游戏·觉醒》。2017年，随ZERO-G推出第三张EP《告白》；同年，随ZERO-G获得“第24届东方风云榜音乐盛典”最佳新人奖。2018年，出演的科幻电影《王者游戏·觉醒》定档上线；同年，参加东方卫视青春励志歌舞竞演节目《中国梦之声·下一站传奇》。2019年，作为选手参加腾讯视频青年团训节目《创造营2019》，最终以总决赛第9名的成绩加入男子演唱组合R1SE；8月6日，随R1SE推出组合首张音乐EP《就要掷地有声的炸裂》。2020年，在古装仙侠剧《千古玦尘》中饰演梧夕。2020年9月，加盟“2020国庆献礼·湖南卫视蓝月亮中秋之夜”演员阵容。2021年8月24日，任豪主演的电视剧《妻子的新世界》杀青。,"{'中文名': '任豪', '外文名': 'P.O.I', '别名': '豪总、任三岁', '国籍': '中国', '民族': '汉族', '出生地': '四川省成都市', '出生日期': '1995年7月17日', '星座': '巨蟹座', '身高': '183 cm', '职业': '歌手、演员', '经纪公司': '白色系文化传媒有限公司', '代表作品': '就要掷地有声的炸裂、千古玦尘、无愧、R.1.S.E、喊出我的名字、Zero Gravity、夏日无限、孤单告急', '主要成就': '2019年《创造营2019》总决赛第9名', '所属组合': 'ZERO-G、R1SE', '出道日期': '2016年1月12日'}","defaultdict(<class 'list'>, {'前队友': ['周震南', '何洛洛', '焉栩嘉', '夏之光', '姚琛', '翟潇闻', '张颜齐', '刘也', '赵让', '赵磊']})",['任豪出生于四川省成都市，不仅学过画画，而且还是表演专业出身。在进入白色系成为一名练习生时，无唱跳基础的他与其他练习生们之间差距较大，遭遇淘汰，但在通过后天努力以及对梦想的坚持态度，让白色系CEO兼ZERO-G男团创始人吴平再次给了他机会。']
范冰冰,范冰冰，1981年9月16日出生于山东青岛，华语影视女演员、制片人、歌手，毕业于上海师范大学谢晋影视艺术学院。1996年，出演电视剧《女强人》。1998年，主演电视剧《还珠格格》获得广泛关注。2002年，主演电影《一见钟情》涉足影坛。2004年，凭借冯小刚执导的电影《手机》获得第27届大众电影百花奖最佳女主角。2005年，发行首张个人专辑《刚刚开始》。2007年，凭借电影《心中有鬼》获得第44届台湾电影金马奖最佳女配角；同年，主演的电影《苹果》入围第57届柏林国际电影节主竞赛单元，获得第4届欧亚国际电影节最佳女演员。2010年，主演李玉执导的电影《观音山》获得第23届东京国际电影节最佳女演员，该片亦获东京国际电影节最佳艺术贡献奖。2011年担任第24届东京国际电影节评委。2013年获好莱坞报道年度最佳国际艺人奖，2013-2017年连续五年蝉联福布斯中国名人榜榜首。2016年主演电影《我不是潘金莲》获得第64届圣塞巴斯蒂安国际电影节最佳女演员，成为获得两次国际A类电影节最佳女演员的华人演员，该片亦获圣塞巴斯蒂安国际电影节最佳影片金贝壳奖。2017年登上美国《时代周刊》封面并上榜影响世界的100人，担任第70届戛纳国际电影节评委。同年凭借《我不是潘金莲》获得第31届中国电影金鸡奖最佳女主角、第11届亚洲电影大奖最佳女主角及第8届中国电影导演协会年度女演员。2018年10月，范冰冰因涉税问题，被处罚款8.84亿元，并刊登致歉信。2020年1月，因武汉疫情，向武汉慈善总会捐款50万元。,"{'中文名': '范冰冰', '外文名': 'Fan Bingbing', '别名': '范爷、冰冰、国际范', '国籍': '中国', '民族': '汉族', '出生地': '山东青岛', '出生日期': '1981年9月16日', '星座': '处女座', '血型': 'B型', '身高': '168 cm', '体重': '56 kg', '毕业院校': '上海师范大学谢晋影视艺术学院', '职业': '演员、歌手', '经纪公司': '范冰冰工作室', '代表作品': '还珠格格、武媚娘传奇、萍踪侠影、福星高照猪八戒、小鱼儿与花无缺、凌云壮志包青天、八大豪侠、封神榜、苹果、手机、我不是潘金莲、未来警察', '主要成就': '获得两届国际A类电影节最佳女演员第23届东京国际电影节最佳女演员第64届圣塞巴斯蒂安国际电影节最佳女演员第4届欧亚国际电影节最佳女演员第31届中国电影金鸡奖最佳女主角展开主要成就获得两届国际A类电影节最佳女演员第23届东京国际电影节最佳女演员第64届圣塞巴斯蒂安国际电影节最佳女演员第4届欧亚国际电影节最佳女演员第31届中国电影金鸡奖最佳女主角第27届大众电影百花奖最佳女主角第44届台湾电影金马奖最佳女配角第8届中国电影导演协会最佳女主角第11届亚洲电影大奖最佳女主角第18届北京大学生电影节最佳女演员第9届华鼎奖中国电影最佳女主角担任第24届东京国际电影节主单元评委担任第70届戛纳国际电影节主单元评委三届大众电影百花奖最佳女主角提名第53届台湾电影金马奖最佳女主角提名第12届香港电影金紫荆奖最佳女主角提名第29届香港电影金像奖最佳女配角提名第24届中国电影金鸡奖最佳女配角提名第1届柏林华语电影节最佳女演员第1届金色银幕奖最佳女配角担任奥斯卡金像奖终身评委好莱坞报道年度最佳国际艺人奖中国原创音乐流行榜年度最佳新人蝉联五年福布斯中国名人榜榜首等收起', '籍贯': '山东烟台'}","defaultdict(<class 'list'>, {'父亲': ['范涛'], '母亲': ['张传美'], '弟弟': ['范丞丞'], '前男友': ['李晨', '王学兵'], '堂妹': ['范朵朵'], '好友': ['张钧甯', '杨天真', '李冰冰', '林心如', '李玉'], '同学': ['钱哆多']})",['该人物没有人物生平相关信息']
迪丽娜尔,迪丽娜尔，1991年1月5日出生于上海市，中国内地女模特，毕业于北京舞蹈学院。曾参加2011上海国际车展礼仪、淘宝网各品牌拍摄，并与许多摄影机构有过合作。现为M Group集团旗下Modelline模特线路签约模特。曾为VERO MODA等品牌服饰拍过平面广告。,"{'中文名': '迪丽娜尔', '别名': '丽娜', '国籍': '中国', '民族': '维吾尔族', '出生地': '上海市', '出生日期': '1991年01月05日', '星座': '摩羯座', '血型': 'AB型', '身高': '165 cm', '体重': '45 kg', '毕业院校': '北京舞蹈学院', '职业': '模特'}","defaultdict(<class 'list'>, {'前男友': ['李晨']})",['该人物没有人物生平相关信息']
张其超,张其超，李晨的奶奶，李晨在微博亮出奶奶去世的灵堂照中，将“救死扶伤”写成了“就死扶伤”，成为网友讨论焦点。,"{'中文名': '张其超', '孙子': '李晨'}","defaultdict(<class 'list'>, {'孙子': ['李晨']})",[ERROR]检索人物生平信息出错
杨烁,杨烁，1983年1月2日出生于中国黑龙江省伊春市，毕业于中央戏剧学院，中国内地男演员。2004年，出演个人首部电视剧《爱在左，情在右》，从而正式进入演艺圈。2007年，主演青春爱情励志剧《幸福的眼泪》。2008年，在抗战剧《生死线》中饰演四道风。2010年，获得春季电视剧互联网盛典最佳新人奖。2011年，其主演的青春励志剧《蚁族的奋斗》首播。2012年，参演的喜剧动作电影《黄金大劫案》上映；同年，在年代传奇剧《刀客家族的女人》中饰演余化龙。2013年，获得中国最具影响力品牌盛典最受媒体关注明星奖。2014年，获得第十届全国电视制片业十佳颁奖礼十佳演员奖；同年，主演军旅剧《神犬奇兵》。2016年，参演的都市职场剧《欢乐颂》首播，在剧中饰演包奕凡。2017年，获得中国电视剧品质盛典年度飞跃表演剧星奖；同年，主演时尚悬疑偶像剧《归还世界给你》；12月8日，获得“商业星力量巅峰人物年度盛典”年度吸引力明星奖。2018年，主演年代剧《大江大河》。2022年，主演电视剧《麓山之歌》。,"{'中文名': '杨烁', '外文名': 'Yang Shuo', '国籍': '中国', '民族': '回族', '出生地': '黑龙江省伊春市', '出生日期': '1983年1月2日', '星座': '摩羯座', '血型': 'AB型', '身高': '184 cm', '体重': '70 kg', '毕业院校': '中央戏剧学院', '职业': '演员', '经纪公司': '芒果TV艺人经纪中心', '代表作品': '欢乐颂、生死线、大江大河、刀客家族的女人、神犬奇兵、麓山之歌', '主要成就': '2010年搜狐春季娱乐盛典最佳新人奖2013年中国最具影响力品牌盛典最受媒体关注明星奖2014第十届全国电视制片业十佳演员奖2015第17届华鼎奖近代电视剧最佳男演员奖2017年中国电视剧品质盛典年度飞跃表演剧星奖'}","defaultdict(<class 'list'>, {'妻子': ['王黎雯'], '搭档': ['佟丽娅', '王凯', '王力可', '高锦', '张译木'], '同学': ['白百何', '沈佳妮', '唐嫣', '孙坚', '童瑶', '郭珍霓', '李泽锋', '毛俊杰', '商忆莎', '斓曦', '李帅桐']})",['杨烁写真(49张)杨烁出生于黑龙江省伊春市，在16岁时因为和父亲闹矛盾，一气之下放弃学业到北京打拼。之后，杨烁被歌手戴娆拉入行，并开始下定决心当一名演员。2年后，连高中都没读的杨烁通过努力考入了中央戏剧学院，踏上了演艺之路。']
霍思燕,霍思燕，原名霍思彦，1980年10月23日出生于北京市海淀区，中国内地女演员。2000年1月，参演个人首部作品《贫嘴张大民的幸福生活》，从而正式进入演艺圈。2001年，因在古装喜剧《铁齿铜牙纪晓岚》中饰演香草而崭露头角。2002年，参演民国爱情剧《女人汤》。2003年，主演古装情感剧《少年天子》。2005年，主演古装神话情感剧《欢天喜地七仙女》。2006年，凭借青春爱情片《我要成名》入围第26届香港电影金像奖最佳新人奖、第12届香港电影金紫荆奖最佳新人奖，以及中国电影导演协会最佳新人银奖。2009年，主演民国剧《玫瑰江湖》。2011年，凭借悬疑惊悚片《梦游3D》获得东京国际电影节最佳女演员提名。2013年，与演员杜江结婚，并于同年9月19日生下一子。2014年，主演家庭伦理剧《再见，老婆大人》。2015年，主演当代励志剧《草帽警察》；同年获得第二届中美国际电视节电视剧最佳女主角奖。2016年，参演都市情感剧《北京遇上西雅图》。2018年，参加2018年中央电视台元宵晚会，反串表演《卖汤圆》。2019年，参加芒果TV自制夫妻观察治愈节目《妻子的浪漫旅行第三季》。2022年9月10日，参加《2022北京广播电视台中秋晚会》。,"{'中文名': '霍思燕', '外文名': 'Huo Siyan', '别名': '霍思彦', '国籍': '中国', '民族': '汉族', '出生地': '北京市海淀区', '出生日期': '1980年10月23日', '星座': '天秤座', '血型': 'A型', '身高': '166 cm', '体重': '45 kg', '毕业院校': '北京舞蹈学院', '职业': '演员', '经纪公司': '华谊兄弟传媒股份有限公司', '代表作品': '欢天喜地七仙女、最后的格格、玫瑰江湖、孽缘、少年天子、我要成名、天师钟馗、新聊斋志异、大清后宫之还君明珠、我的媳妇是女王、迷城、辣妈辣么美、妈妈是超人第三季', '主要成就': '2007年入围第二十六届中国香港金像奖最佳新人奖2007年中国香港电影金紫荆奖最佳新人奖提名2011年东京国际电影节最佳女演员提名2015年第二届中美国际电视节电视剧最佳女主角奖', '三围': '83/61/82 cm', '生肖': '猴'}","defaultdict(<class 'list'>, {'丈夫': ['杜江'], '儿子': ['杜宇麒'], '好友': ['郭柯宇', '熊乃槿', '李小璐', '杨幂', '甘薇'], '搭档': ['李晨', '陈秀丽']})","['霍思燕出生于北京市海淀区的一个知识分子家庭，从小一直和爷爷奶奶生活在一起。1997年，在一个艺术节上，一位导演发现了霍思燕，几天后，便通知霍思燕去参加水晶之恋的广告面试，结果霍思燕被选中拍摄了《泰坦尼克号》电影随片广告。', '《风车》饰演女主角舒兆欣(8张)《玫瑰江湖》饰演女一号君绮罗(14张)《天师钟馗》饰演单元女主角苏美娘/苏妲己(13张)《欢天喜地七仙女》饰演女主角七仙女紫儿(6张)《夫妻一场》霍思燕饰演女一号宁小燕(17张)《爱要有你才完美》饰演女一号徐孟菲(9张)《爱情面前谁怕谁》饰演女一号于小渔(8张)《孽缘》霍思燕饰演女一号汪海灵(11张)']"
张歆艺,张歆艺，1981年5月29日出生于中国四川省资阳市雁江区，祖籍四川省资阳市雁江区，毕业于中央戏剧学院，中国女演员、导演。2004年，出演个人首部电视剧《风吹云动星不动》，从而进入演艺圈。2007年获得BQ年度红人榜年度潜力红人奖。2011年凭借谍战剧《风声传奇》获得春季电视剧互联网盛典最具号召力女演员奖。2012年，因在都市爱情剧《北京爱情故事》中饰演林夏一角而获得关注；同年，凭借剧情片《匹夫》获得第4届英国万像国际华语电影节最佳女配角奖。2013年，主演都市爱情轻喜剧《甜蜜都市》。2014年凭借年代剧《大河儿女》获得国剧盛典年度观众最喜爱剧中角色女演员奖2016年11月，主演的都市情感剧《咱们相爱吧》播出。2018年主演的爱情片《泡芙小姐》。,"{'中文名': '张歆艺', '外文名': 'Zhang Xinyi', '别名': '歆歆、二姐', '国籍': '中国', '民族': '汉族', '出生地': '四川省资阳市雁江区', '出生日期': '1981年5月29日', '星座': '双子座', '血型': 'A型', '身高': '170 cm', '毕业院校': '中央戏剧学院', '职业': '演员、导演', '经纪公司': '喜天影视文化（北京）有限公司', '代表作品': '风吹云动星不动、风声传奇、北京爱情故事、匹夫、柳叶刀、咱们相爱吧、老公的春天、苏菲的供词、阳光姐妹淘', '主要成就': '第4届英国万像国际华语电影节最佳女配角奖国剧盛典年度观众最喜爱剧中角色女演员奖春季电视剧互联网盛典最具号召力女演员奖', '祖籍': '四川省资阳市雁江区'}","defaultdict(<class 'list'>, {'丈夫': ['袁弘'], '前夫': ['杨树鹏'], '前男友': ['王志飞'], '好友': ['李晨', '华晨宇', '刘恋', '窦骁', '童瑶', '郑皓原', '芦芳生', '叶一茜', '吕夏', '何晴', '柳小海'], '搭档': ['曹卫宇', '黄澄澄', '刘威葳'], '同学': ['尚于博']})",['张歆艺出生在一个普通的工人家庭。1998年，张歆艺毕业于四川艺术职业学院。为了挣钱贴补家用，她在毕业以后进入深圳歌舞团当舞蹈演员。2001年，张歆艺辞去深圳歌舞团的工作，之后在母亲的支持下报考艺术院校；同年，张歆艺考入中央戏剧学院表演系本科班。']
邓超,邓超，1979年2月8日出生于江西省南昌市，毕业于中央戏剧学院，中国内地男演员、导演、配音、歌手、主持人、出品人。2000年，出演个人首部电视剧《黄沙下面是沃土》进入演艺圈。2002年，主演电视电影《当爱情失去记忆》，之后在《少年天子》饰演顺治皇帝成名，接着在《少年康熙》《明末风云》《天下第一》接连饰演皇帝被称为“皇帝专业户”。2005年，主演电视剧《幸福像花儿一样》。2008年，主演张纪中版金庸武侠剧《倚天屠龙记》。2012年，主演都市情感剧《相爱十年》。2006年，开始转战电影界。2008年，凭借战争片《集结号》获得第29届大众电影百花奖最佳男配角奖。2009年，凭借武侠片《狄仁杰之通天帝国》获得第30届香港电影金像奖最佳男配角奖提名。2012年，主演的电影《中国合伙人》以5.37亿的内地票房成为2013年上半年华语片票房季军。2014年，担任投资者、导演、主演的电影《分手大师》上映，取得了6.6亿元的票房，同期担任节目《奔跑吧兄弟》队长。2015年，凭借悬疑片《烈日灼心》获得第18届上海国际电影节金爵奖最佳男演员奖。2016年，主演喜剧片《美人鱼》票房33.9亿，并演唱宣传曲《无敌》。2017年，凭借电影《烈日灼心》获得第31届中国电影金鸡奖最佳男主角奖。2018年，凭借张艺谋执导电影《影》再度提名台湾电影金马奖最佳男主角奖。2019年，执导的剧情片《银河补习班》票房8.7亿。,"{'中文名': '邓超', '外文名': 'Chao Deng', '别名': '超哥、超超(小名)', '国籍': '中国', '民族': '汉族', '出生地': '江西省南昌市', '出生日期': '1979年2月8日', '星座': '水瓶座', '血型': 'A型', '身高': '180 cm', '体重': '72 kg', '毕业院校': '中央戏剧学院', '职业': '演员、导演、配音、歌手、主持人、投资出品人', '经纪公司': '邓超工作室', '代表作品': '烈日灼心、影、美人鱼、银河补习班、分手大师、乘风破浪、中国合伙人、狄仁杰之通天帝国、甜蜜蜜、艰难爱情、幸福像花儿一样、相爱十年、少年天子、无敌、超级英雄', '主要成就': '第31届中国电影金鸡奖最佳男主角奖第18届上海国际电影节最佳男演员奖第29届大众电影百花奖最佳男配角奖第52届台湾电影金马奖最佳男主角奖提名第55届台湾电影金马奖最佳男主角奖提名展开主要成就第31届中国电影金鸡奖最佳男主角奖第18届上海国际电影节最佳男演员奖第29届大众电影百花奖最佳男配角奖第52届台湾电影金马奖最佳男主角奖提名第55届台湾电影金马奖最佳男主角奖提名第30届香港电影金像奖最佳男配角奖提名收起', '户籍': '北京', '粉丝名称': '炒米'}","defaultdict(<class 'list'>, {'妻子': ['孙俪'], '儿子': ['邓涵之'], '女儿': ['邓涵一'], '前女友': ['郝蕾', '聂宁'], '好友': ['陈赫', '李晨', '尚雯婕', '王宝强', '王祖蓝', '郑恺', '鹿晗', '羽泉', '胡海泉', '俞白眉'], '搭档': ['古力娜扎', '王勉', '宝石Gem', '刘亦菲', '高希希'], '同学': ['朱雨辰']})","['邓超早年经历', '1979年2月8日，邓超出生在一个重组家庭。邓超小学时学习成绩好，从小爱看书，年年三好学生。体育方面，练习过跳远、短跑、跳高，并且多次在“苗苗杯”小学生体育比赛中获得冠军。因为一直成绩很好，父母曾期待他“将来”能考上名牌大学。初中时，邓超变成了叛逆少年，13岁开始打耳洞、染五颜六色的头发、帮朋友出气经常参与校园群殴，让父母很头疼。因年少轻狂酷爱跳舞而混迹舞厅，去舞厅当过领舞和DJ，后离家出走独自一人前往广州，最后被父母心感动才浪子回头。', '1995年考入江西艺术职业学院95级话剧班，结识了指导他走向正途的恩师邓学东老师；1998年，邓超和父母从南昌来到北京，报考了中央戏剧学院和北京电影学院表演系，均被录取。大学时每天清晨在中戏的校园跑步和练台词，训练标准的台词发音。大二时，邓超喜欢上演话剧，传统正剧、“创新”喜剧都会演，此外他还是班上人缘很好的“开心果”。他还被中戏的同学称为“戏疯子”。2002年，邓超从中央戏剧学院毕业后成为中国国家话剧院演员，从此落户北京。', '邓超演艺经历', '初涉视圈（2000年－2005年）', '2000年，出演个人首部电视剧《黄沙下面是沃土》，在剧中饰演反派角色王黑元，从而开启了他的演艺生涯。2001年，主演英达导演的情景喜剧《欢乐青春》，剧集因为被美国时代华纳新闻集团的总裁买断版权，而被国内禁播；同年，与同学合作演出贺岁话剧《翠花上酸菜》，这部话剧成为他学生时代的成名作。在《闲人马大姐》、《东北一家人》、《巴哥正传》等情景喜剧中均有客串出演。', '2002年，主演CCTV电影频道出品的电视电影《当爱情失去记忆》，饰演风趣幽默的阳光男孩李不肖；11月，主演清宫剧《少年天子》，饰演了顺治帝福临，该剧是让邓超被媒体称为“皇帝专业户""的开端，此后的邓超走上了和喜剧迥然不同的正剧之路；同年，签约广州东方明珠文化传播有限公司，合约期至2007年；同年，在北京人民艺术剧院实习，和冯远征合作话剧《足球俱乐部》。', '2003年，再次主演清宫剧《少年康熙》，该剧被广电局指定安排在两会期间播出；2004年，在《天下第一》、《明末风云》中出演皇帝类型的角色；2005年3月，主演高希希执导的军旅剧《幸福像花儿一样》开始转型，剧中饰演玩世不恭的高干子弟白杨一角，该剧也是邓超被媒体称为“高干子弟专业户”的开端；同年8月主演古装推理剧《少年包青天3》饰演包拯。', '进军影坛（2006年－2009年）', '2006年3月，主演女性励志剧《女人不哭》，饰演出身书香世家的痴情青年赵剑；11月主演高希希导演的情感剧《甜蜜蜜》，饰演叛逆顽劣、至情至性的高干子弟雷雷。该剧被中国广播电视协会等多家机构评选为“中国最具网络影响力十大电视剧”。同年开始，转战电影界，参演战争片《集结号》让他完成了从电视演员到电影演员的跨越，在片中饰演男二号赵二斗，凭该片获得了第29届大众电影百花奖最佳男配角奖，且提名第27届中国电影金鸡奖最佳男配角奖。', '2007年，主演曹保平执导的电影《李米的猜想》，饰演方文一角，并因该片获得第12届电影表演艺术学会奖“金凤凰奖”，该片被驻日本大阪总领事馆选为公映播放的中国电影。同年4月，主演情感剧《艰难爱情》，该剧播出后成为全国三十多个电视台的收视冠军，并被江苏卫视买下独播权，首播收视率创下了2008年全国卫视的收视纪录；2008年10月，主演张纪中版金庸武侠剧《倚天屠龙记》，剧中饰演张无忌一角。同年，主演电影《爱情呼叫转移2》，饰演男一号袁佳。', '2009年，主演由徐克执导的武侠片《狄仁杰之通天帝国》，在片中塑造“白化神探”裴东来，凭该片获第30届香港电影金像奖最佳男配角奖提名。同年9月，受江西南昌市政府邀请担任第18届中国金鸡百花电影节形象大使。下半年，正式签约华谊兄弟时代文化经纪有限公司。岁末，《翠花》举行全国巡演，睽违舞台演出多年的邓超亦参与部分场次演出。', '担纲电影（2010年－2013年）', '2010年，主演奇幻片《画壁》以及合拍喜剧片《巴黎宝贝》，其中《画壁》票房破亿。同年4月，录制中国2010年上海世界博览会主题曲《海上生明月》。', '2011年，主演电视剧《你是我兄弟》自2月起首轮播放，并在北京卫视创下突破15%的冠军收视。同年，主演电视剧《延安爱情》被央视一套二轮回购播出，再登陆央视八套黄金档，作为建党90周年献礼重点剧播出。同年在""中国电视剧产业二十年群英盛典""上获颁发""突出贡献人物奖""；2012年2月，拍摄都市情感剧《相爱十年》。同年，正式离开经纪公司华谊，其后没有签约任何公司。', '2013年4月12日，在拍摄电影《烈日灼心》期间受好友羽泉邀约亮相《我是歌手》总决赛帮帮唱环节，帮助羽泉夺得总冠军。同年5月，主演陈可辛执导的电影《中国合伙人》上映，以5.37亿的内地票房成为2013年上半年华语片票房季军。7月，在2013亚洲偶像盛典上获得""亚洲全能艺人奖""。8月，担任中国国际青年艺术周形象大使。同年成立了""邓超工作室""，兼任话剧的出品人和艺术顾问，演出及出品《翠花》、《恶棍天使》、《诺亚方舟绑架案》、《分手大师》等多部话剧。', '集结号(9张)通天帝国(18张)四大名捕三部曲(21张)中国合伙人(18张)', '跨界发展（2014年－2019年）', '2014年，为环球影业动画片《神偷奶爸2》主角配音。同年1月，担任2014年FIRST青年电影展推广大使。在《中国新闻周刊》的“影响中国2013年度特别致敬""中被评选为""2013年度演艺人物""。4月，获首届《中国电视演员形象榜》选为青年演员形象金榜得主。4月，出任“第14届电影百合奖主题嘉宾”。6月21日，首度开通新浪微博。6月23日，主演电视剧《相爱十年》在湖南卫视播出，播出15日在大结局当天网络播放量突破10亿，平均收视率破1。6月27日，担任投资者、导演、主角的电影《分手大师》上映，取得了6.6亿元的票房。8月22日，主演的电影《四大名捕大结局》上映，票房1.9亿。8月底，加盟主持《奔跑吧兄弟第一季》，节目收视率突破5%。2014年9月27日，出任第32届大众电影百花奖的“推广先锋”。10月7日，受邀在《中国好声音第三季》总决赛，演唱《奔跑吧兄弟》主题曲《超级英雄》。10月18日，入组拍摄周星驰执导的3D影片《美人鱼》。10月23日，执导的电影《分手大师》参加第27届东京国际电影节展映，是展映电影中第一个卖光票的中国电影。12月31日，带领""跑男团""领跑浙江卫视跨年演唱会，压轴演唱《奔跑吧兄弟》主题曲《超级英雄》。', '邓超西装照(2张)2015年1月24日，邓超在北京人民大会堂参与中国文学艺术界2015春节大联欢《百花迎春》春节晚会。同年4月17日，主持户外竞技真人秀节目《奔跑吧兄弟第二季》，该节目播出期间最高收视率破5，平均收视率4.76。5月，第八次入榜《福布斯》杂志的福布斯中国名人榜，其中“全年（杂志、电视）媒体曝光率”是名人榜第1名。8月，主演的电影《烈日灼心》上映，票房3.04亿，刷新内地犯罪悬疑片票房，邓超凭该片获得第18届上海国际电影节“金爵奖”最佳男演员奖，提名第52届台湾电影金马奖最佳男主角奖。邓超在《烈日灼心》的角色被《电影》杂志评选为""2015年十大最美表演""。9月录制《奔跑吧兄弟第三季》，10月30日浙江卫视首播，第三季最高收视率5.284%。12月，杜莎夫人蜡像馆为邓超塑造个人蜡像，其蜡像于2016年入驻北京及武汉杜莎夫人蜡像馆。12月24日，第二部自导自演喜剧片《恶棍天使》上映，票房6.48亿元。', '2016年2月8日，主演的喜剧片《美人鱼》上映，该片票房突破33.9亿元，刷新华语电影票房纪录。6月，由艺恩票房主办的“2016中国电影指数盛典”，凭借9.52的演员票房号召指数获得“最具银幕号召力演员奖”。9月30日，主演的爱情片《从你的全世界路过》上映，电影累计票房破8.13亿元，刷新华语爱情片票房纪录。10月，根据公众平台票房数据统计，邓超个人生涯电影总票房已经突破100亿元。', '2017年，主演的文艺轻喜剧《乘风破浪》于1月28日（大年初一）上映，电影上映26日累计票房破10亿元，电影凭借良好的口碑，成为春节档评分最高电影，邓超对于男主角“徐太浪”的细腻演绎也受到观众认可和称赞。同年2月，邓超录制《奔跑吧》（又名《奔跑吧兄弟第五季》），担任队长继续奔跑。3月18日，主演张艺谋执导电影《影》正式开机，一人分饰两角。6月18日，凭电影《从你的全世界路过》和《乘风破浪》获得2017微博电影之夜King。9月16日，凭《烈日灼心》获得第31届中国电影金鸡奖最佳男主角奖。', '2018年10月1日，凭张艺谋执导电影《影》提名第55届台湾电影金马奖最佳男主角。', '2019年7月18日，第三部导演作品《银河补习班》在中国上映，一天之内票房超1.41亿，助其电影总票房破100亿，成为继吴京、沈腾、黄渤之后，第4位“百亿票房俱乐部”的华语演员; 8月，以排名第97位列入2020福布斯中国名人榜。', '2020年，与俞白眉共同执导电影《我和我的家乡》中的单元《回乡之路》；10月24日，参加中央广播电视总台《英雄儿女——纪念中国人民志愿军抗美援朝出国作战70周年文艺晚会》；10月25日，特别出演的抗美援朝题材电影《金刚川》上映；10月27日，腾讯视频宣布邓超担任《创造营2021》发起人团团长；11月28日，主持第33届中国电影金鸡奖闭幕式颁奖典礼。', '2021年，担任腾讯视频综艺节目《创造营2021》发起人；9月21日，与蓝羽、谢霆锋、庞伟等担任《“湾区升明月”2021大湾区中秋电影音乐晚会》主持；11月15日，《哈哈哈哈哈》第二季阵容官宣，除了上一季的老成员邓超、陈赫、鹿晗之外，彭昱畅新晋加盟；12月30日，担任金鸡奖闭幕式暨颁奖典礼主持人。', '2022年1月31日，参加《2022年中央广播电视总台春节联欢晚会》，并表演节目《欢乐吉祥年》；2月25日，特别出演的音乐爱情电影《你是我的一束光》上映；同年，参加《百花迎春》晚会，与靳东、吴京等人共同讲述《致百花》，朗诵《在你伟大的怀抱里》。3月18日，邓超在《人民日报》发文《用心演绎奋斗者的故事》，谈《我和我的家乡》以及《金刚川》拍摄心得，表示要完成好伟大时代布置的“作业”；4月29日，参演电影《我是真的讨厌异地恋》播出。7月30日晚，已经主持了三届金鸡奖颁奖礼的邓超将与佟丽娅、蓝羽和吴刚一起，主持第36届大众电影百花奖闭幕式暨颁奖典礼。8月11日，微博电影之夜阵容揭晓，邓超加盟。11月，担任第35届中国电影金鸡奖闭幕式颁奖典礼主持人。12月1日，参加中国东盟电影共创发展论坛。12月16日，《阿凡达：水之道》在中国上映，邓超在片中为男主角杰克·萨利配音。', '2023年1月21日，参加《2023年中央广播电视总台春节联欢晚会》，与王二妮演唱歌曲《好运全都来》；1月22日，参加《2023年东方卫视春节联欢晚会》，出演歌曲《这里没人叫喂》；1月24日，领衔主演的电影《中国乒乓之绝地反击》上映。', '2023年起，邓超参加的《哈哈哈哈哈》正式更名为《5哈》。', '2023年2月23日，参加的节目《5哈3》官宣定档，2月24日晚8点，先导片上线；3月3日起，每周五晚8点节目正片上线。4月14日，参加的《斯文江南第二季》播出。5月23日，与蓝羽共同主持第十八届、第十九届中国电影华表奖颁奖典礼。', '图集从你的全世界路过(31张)烈日灼心(15张)美人鱼(19张)乘风破浪(41张)', '邓超商业经历', '2013年8月28日，邓超以注册资本300万人民币（合资，包括邓超、俞白眉、光线等方）注册了天津橙子映像传媒有限公司，胜任橙子映像董事长。已出品电影《分手大师》、《战狼Ⅱ》、《乘风破浪》、《心理罪之城市之光》等。2016年3月，苏宁投资集团向橙子映像注资近亿元。', '2014年8月26日，邓超与360公司董事长周鸿祎、真格天使投资基金徐小平、好友俞白眉四人组成团队，携手80家投资机构，共同启动了蒲公英创业计划，成为第一位跨界投资互联网业的明星。邓超所投的都是个人资金，以创业导师的身份，投资商业计划书的项目或推荐给更多风投，培育有潜力的产品开发者，帮助创业者实现梦想。', '2015年9月正式加盟四川长虹，任职长虹CHiQ产品经理。邓超自2015年3月开始，就一直担任着长虹旗下“CHiQ”品牌的代言人。', '2016年6月26日，邓超和俞白眉、王琦、陈畅四人一起在北京创建的话剧院“超剧场”正式开幕，剧场坐落于东城区台基厂二条5号，6月30日正式对外开演。', '2018年6月28日，邓超、吴京、俞白眉等人合股创建的第二家“超剧场”（大湖·超剧场）正式揭幕，剧场坐落于固安永定河孔雀城。']"
沙溢,沙溢，1978年2月15日出生于吉林省长春市，毕业于中国人民解放军艺术学院，中国内地男演员。1997年考入中国人民解放军艺术学院戏剧系，2001年毕业进入了空军政治部话剧团。2000年，参演了张子恩指导的电视剧《上错花轿嫁对郎》，剧中饰演沙平威。2002年，参演情景喜剧《炊事班的故事》系列，获得第16届 “金星奖”优秀演员奖。2006年凭借情景喜剧《武林外传》中白展堂，而被观众所熟知。2012年因历史题材电影《王的盛宴》中萧何的出色表现，获得中国电影表演艺术学会奖，被赞是一个可以驾驭多种角色的演员。2014年主演抗战剧《秀才遇到兵》。2016年3月出演年代剧《平凡岁月》。9月加盟综艺节目《爸爸去哪儿》第四季。2017年主演科幻电影《回到昨天》。加盟军旅成长励志节目《奇兵神犬》。2018年，参演电影《阳光不是劫匪》《刀尖》，自导自演电影《亲密旅行》，出演电视剧《小欢喜》。2020年主演电视剧《对你的爱很美》。2021年主演电视剧《超越》。2022年主演电影《流浪地球2》,"{'中文名': '沙溢', '外文名': 'Yi Sha', '别名': '老沙', '国籍': '中国', '民族': '汉族', '出生地': '吉林省长春市', '出生日期': '1978年2月15日', '星座': '水瓶座', '血型': 'O型', '身高': '178 cm', '毕业院校': '中国人民解放军艺术学院', '职业': '演员', '经纪公司': '沙溢工作室', '代表作品': '武林外传、炊事班的故事、血战长空、结婚前规则、青盲、渗透、秀才遇到兵、甜蜜蜜、平凡岁月', '主要成就': '第十六届 “金星奖”优秀男演员奖第十四届中国电影表演艺术学会奖第一届“华鼎奖”公众最满意演艺明星奖第四届新农村电视艺术节最佳男主角第四届“华鼎奖”最受观众喜爱演员奖展开主要成就第十六届 “金星奖”优秀男演员奖第十四届中国电影表演艺术学会奖第一届“华鼎奖”公众最满意演艺明星奖第四届新农村电视艺术节最佳男主角第四届“华鼎奖”最受观众喜爱演员奖第一届优品四周年盛典年度最具表现力艺人大奖第一届“乐视影视盛典”内地年度电影最受欢迎演员第一届“东方影视盛典”最具关注价值男演员奖第二届中国时尚大典星光男明星奖第一届风尚志权力榜颁奖盛典风尚风格明星大奖第十二届星尚大典风尚人物第三届明星公民颁奖盛典年度明星公民收起', '妻子': '胡可', '大儿子': '沙俊伯(小名安吉)', '小儿子': '沙俊良(小名小鱼儿)', '特长': '萨克斯，钢琴，声乐，骑马，游泳', '性别': '男'}","defaultdict(<class 'list'>, {'妻子': ['胡可'], '儿子': ['沙俊良', '沙俊伯'], '前女友': ['白荟'], '好友': ['李晨', '喻恩泰', '姚晨', '郑恺', '闫妮'], '搭档': ['刘竞', '王莎莎']})",[ERROR]检索人物生平信息出错
杜江,杜江（Du Jiang），1985年9月10日出生于山东省济南市，中国内地影视男演员，毕业于上海戏剧学院2004级表演系。2007年，出演个人首部电视剧《钻石王老五的艰难爱情》，从而正式进入演艺圈。2009年，出演个人首部电影《白银帝国》。2011年，主演的谍战电影《谍影柔情》上映。2012年，出演的都市商战剧《青瓷》首播。2014年，主演的医疗情感剧《青年医生》首播，在剧中饰演急诊科实习医生赵冲。2015年，与儿子杜宇麒作为固定嘉宾参加浙江卫视明星亲子互动真人秀节目《爸爸回来了第二季》的录制。2016年，主演的都市喜剧电影《高跟鞋先生》上映，并凭借在该片中的反串表演获得乐视生态共享之夜“最佳女演员”奖；同年，在都市情感剧《北京遇上西雅图》中饰演男主角林诺言。2017年，与儿子杜宇麒作为固定嘉宾参加芒果TV亲子户外真人秀节目《爸爸去哪儿第五季》的录制；同年，主演动作电影《红海行动》；12月，获得“商业星力量巅峰人物年度盛典”年度吸引力明星奖、腾讯娱乐白皮书综艺年度之星奖。2018年11月10日，凭借电影《红海行动》获得第34届大众电影百花奖最佳男配角奖。2020年10月9日，电影《惊天救援》宣布主演阵容，杜江领衔主演。2022年9月10日，参加《2022北京广播电视台中秋晚会》。,"{'中文名': '杜江', '外文名': 'Du Jiang', '别名': '大眼萌、江江', '国籍': '中国', '民族': '汉族', '出生地': '山东省济南市', '出生日期': '1985年9月10日', '星座': '处女座', '血型': 'AB型', '身高': '180 cm', '体重': '64 kg', '毕业院校': '上海戏剧学院', '职业': '演员', '代表作品': '红海行动、青年医生、罗曼蒂克消亡史、高跟鞋先生、北京遇上西雅图', '主要成就': '2016年网易时尚跨界盛典年度最具魅力男明星奖腾讯娱乐白皮书综艺年度之星第34届大众电影百花奖最佳男配角奖'}","defaultdict(<class 'list'>, {'妻子': ['霍思燕'], '儿子': ['杜宇麒'], '好友': ['李晨', '郑恺']})",['1985年杜江出生于山东济南，在一个普通的工薪家庭中长大，父亲是公务员，母亲是大学老师。家里没有任何人从事表演相关工作，他也没有任何艺术功底。高中时，母亲觉得儿子长得好看，建议可以尝试表演方向。于是，杜江在艺考前一个月，找了一个老师在“声台形表”方面进行了一些简单的辅导，杜江当时就准备了一首歌，一首散文，实在是不会跳舞，就准备了广播体操。2004年，杜江轻松地考上了上海戏剧学院表演系。']
杜淳,杜淳，1981年5月22日出生于河北省保定市，中国内地男演员，2003年毕业于北京电影学院表演系本科班。2005年参演胡玫执导历史剧《汉武大帝》，开始进入演艺圈。2007年主演古龙剧《大旗英雄传》；2008年主演电视剧《敌营十八年》；凭《51号兵站》荣获南方影视盛典“年度最佳男主角奖”。2009年在电视剧《走西口》饰演男一号田青，以平均收视率9.60%创下2002年来央视一套开年戏的收视纪录。2010年夺得第三届华鼎奖“中国年度最佳表现新锐男演员”奖。2011年凭借电视剧《古今大战秦俑情》荣获大本钟奖之金独角兽奖“最受推崇男演员”奖；凭借《青春期撞上更年期》，荣获2011年中国大学生电视节年度“最受大学生喜爱男演员”奖。2012年主演赵宝刚执导的《北京青年》。2013年亮相央视春晚献唱《我的歌声里》。2015年出版书籍《杜淳：从容做自己》，同年主演古装剧《大汉情缘之云中歌》，饰演男主角孟珏。同年主演刘进执导的都市情感剧《老婆大人是80后》，2016年出演程耳执导的电影《罗曼蒂克消亡史》。主演六六编剧的都市情感剧《女不强大天不容》；同年再次登上央视春晚表演歌舞《在你伟大的怀抱里》。2017年主演我国首部维和题材电视剧《维和步兵营》。2019年主演悬疑剧《无主之城》《时空来电》；2020年，参演管虎执导的抗战电影《八佰》，饰演谢晋元，主演谍战剧《没有硝烟的战线》，饰演因战乱与组织失联的共产党员李亨。,"{'中文名': '杜淳', '外文名': 'Du Chun', '别名': '淳哥、小杜', '国籍': '中国', '民族': '回族', '出生地': '河北省保定市', '出生日期': '1981年5月22日', '星座': '双子座', '血型': 'A型', '身高': '178 cm', '体重': '65 kg', '毕业院校': '北京电影学院', '职业': '演员', '经纪公司': '华谊兄弟时代文化经纪有限公司', '代表作品': '敌营十八年、虎胆雄心、走西口、罗曼蒂克消亡史、八佰、北京青年、51号兵站、时空来电、青春期撞上更年期、女不强大天不容、维和步兵营', '主要成就': '第3届华鼎奖年度最佳表现男演员2011大学生电视节最受喜爱男演员金独角兽奖最受推崇男演员南方影视盛典年度最佳男主角奖2012BQ红人榜年度电视剧偶像红人', '籍贯': '河北省邢台市'}","defaultdict(<class 'list'>, {'妻子': ['王灿'], '女儿': ['小蛋饺'], '父亲': ['杜志国'], '前女友': ['张嘉倪'], '搭档': ['葛优', '王天辰'], '老师': ['陈浥'], '同学': ['姚晨', '杨志刚', '凌潇肃', '隋兰', '潘星谊', '叶静']})","['小杜淳(9张)', '杜淳的父亲杜志国是影视演员，母亲杨丽是舞蹈演员。每年暑假，杜淳的父亲都在外拍戏，母亲要跟团去演出，因此，杜淳不得不跟随父亲在剧组生活，看着演员演戏，看着导演导戏，有时有个小孩儿的角色，杜淳也会直接被叫过去出演。从小耳濡目染的杜淳，一直告诉自己，长大后要做演员。11岁时，杜淳考入北京中央民族大学附中舞蹈系，独自来到北京进行了六年的舞蹈学习。这段经历，造就了杜淳独立的个性，更激起了他对表演的渴望。', '附中毕业后，杜淳想报考电影学院，包括父亲在内的很多人都觉得他不适合，因为他性格内向，行为方式与演艺圈格格不入，但杜淳并没有因此打消这个念头。1998年，杜淳报考中央戏剧学院落选，但他并未放弃，自己报名在中央戏剧学院办的考前班里进行了一年学习，之后又到中央电视台《梦想剧场》栏目组排练了一个多月。1999年报考北京电影学院，在专业课三试通过后，杜淳剃光头以明志，闭门读书，顺利通过文化课考试，考入了北京电影学院表演系本科班。杜淳 写真']"
马伊琍,马伊琍（Ma Yili），原名马伊俐。1976年6月29日出生于上海市虹口区，中国内地女演员，毕业于上海戏剧学院1994级表演系本科班。1996年，凭借偶像剧《真空爱情记录》出道。2003年，因在琼瑶剧《还珠格格第三部：天上人间》中饰演夏紫薇一角而被大众所熟知。2006年，凭借古装剧《乔家大院》获得第23届中国电视金鹰奖-观众喜爱的女演员奖。2007年，因在青春励志剧《奋斗》中饰演夏琳一角而获得更多关注，凭此获得BQ红人榜-年度艺术红人奖等奖项；同年，凭借电影《江北好人》获得了第2届华鼎奖之中国年度影视表现最佳女演员奖等奖项。2008年1月，马伊琍与演员文章领证结婚。2010年，凭借情感剧《婚姻保卫战》获得第1届亚洲彩虹奖之最佳女喜剧演员奖。2011年，凭借情感剧《双城生活》获得了2011国剧盛典-年度最佳女演员奖。2013年，获得2012中国电视剧年度明星盛典的表演突破奖。2015年，凭借都市剧《北上广不相信眼泪》获得第19届华鼎奖之中国百强电视剧最佳女主角。2017年，凭借都市情感剧《我的前半生》获得第24届上海电视节白玉兰奖的最佳女主角等奖项。2018年，凭借电影《找到你》获得第25届华鼎奖-中国电影最佳女主角等奖项。2019年7月，马伊琍、文章宣布离婚。2020年，凭借电视剧《旗袍美探》获得第29届华鼎奖-中国近现代题材电视剧最佳女演员奖。2021年，凭借电影《爱情神话》提名第33届华鼎奖中国电影最佳女主角。2022年，确定主演剧集《繁花》。2023年4月，领衔主演电视剧《龙城》。,"{'中文名': '马伊琍', '外文名': 'Ma Yili', '别名': '马伊俐(原名)', '国籍': '中国', '民族': '汉族', '出生地': '上海市虹口区', '出生日期': '1976年6月29日', '星座': '巨蟹座', '血型': 'B型', '身高': '164 cm', '毕业院校': '上海戏剧学院', '职业': '演员', '经纪公司': '壹心娱乐', '代表作品': '还珠格格第三部：天上人间、乔家大院、奋斗、江北好人、北上广不相信眼泪、中国式关系、我的前半生、找到你、旗袍美探', '主要成就': '第29届华鼎奖-中国近现代题材电视剧最佳女演员第17届电影表演艺术学会奖-学会奖第25届华鼎奖-中国电影最佳女主角第24届上海电视节白玉兰奖-最佳女主角第19届华鼎奖-中国百强电视剧最佳女主角展开主要成就第29届华鼎奖-中国近现代题材电视剧最佳女演员第17届电影表演艺术学会奖-学会奖第25届华鼎奖-中国电影最佳女主角第24届上海电视节白玉兰奖-最佳女主角第19届华鼎奖-中国百强电视剧最佳女主角2012中国电视剧年度明星盛典-表演突破奖第1届亚洲彩虹奖-最佳女喜剧演员奖第2届华鼎奖-中国年度影视表现最佳女演员奖收起', '祖籍': '江苏省南通市如东县'}","defaultdict(<class 'list'>, {'女儿': ['文君竹'], '前夫': ['文章'], '前男友': ['张博', '管虎'], '搭档': ['佟大为', '高伟光', '李晨', '白宇', '杜淳', '朱佳煜'], '同学': ['保剑锋']})",['马伊琍从小在上海弄堂里长大，15岁时参加上海电视台的综艺舞蹈队，开始自食其力。她那时赚到的演出费不光能付清学校的学费，还有不少的剩余。1993年，马伊琍被选中主演电影《叛逆大师刘海粟的故事》，那是她的第一次触电经历，并得到了800块的片酬。1994年，考入上海戏剧学院94级表演系本科。']
张芷溪,张芷溪（Zhang Zhi Xi），本名张熙，1987年10月7日出生于甘肃省陇南市文县，中国内地影视女演员、歌手，毕业于西南民族大学英文专业，并取得了北京电影学院表演系MFA硕士学位。2011年，出演个人首部电视剧《光荣大地》，从而正式进入演艺圈；同年，出演个人首部电影《美丽的心灵》。2012年，在青春励志剧《下一个奇迹》中饰演女主角梁晨。2013年，主演民国传奇剧《茧镇奇缘》。2014年，在都市情感剧《月供》中饰演女主角苏小亚；同年，出演古装喜剧《美人制造》、《五鼠闹东京》。2015年，主演清装宫廷剧《寂寞空庭春欲晚》。2016年，在古装剧《包青天》中饰演公孙秀、《热血书院》中饰演崔伽罗。2017年，因在古装剧《大军师司马懿之军师联盟》中饰演甄宓而被众多观众认识；同年，主演谍战剧《天衣无缝》。2018年3月30日，获得优酷YC盛典“潜力新人”奖；同年，出演古装剧《山河月明》。2019年，主演古装剧《皎若云间月》；同年，主演古装神话剧《宸汐缘》。2020年1月7日，获得影视榜样·2019年度总评榜“人气女配角”奖。,"{'中文名': '张芷溪', '外文名': 'Zhang Zhi Xi', '别名': '张熙', '国籍': '中国', '民族': '汉族', '出生地': '甘肃省陇南市文县', '出生日期': '1987年10月7日', '星座': '天秤座', '血型': 'O型', '身高': '167 cm', '体重': '45 kg', '毕业院校': '北京电影学院表演系MFA硕士', '职业': '演员、歌手', '经纪公司': '欢瑞世纪影视传媒股份有限公司', '代表作品': '宸汐缘、天衣无缝、大军师司马懿之军师联盟、山河月明、皎若云间月、尚食、沉香如屑', '主要成就': '2018年优酷YC盛典“潜力新人”奖影视榜样·2019年度总评榜“人气女配角”奖'}","defaultdict(<class 'list'>, {'前男友': ['金瀚'], '好友': ['张墨锡'], '搭档': ['李晨', '佟梦实', '杨洋']})",['张芷溪出生于甘肃省陇南市文县，高考那年她以理科总分532的成绩考入了西南民族大学英文专业，大学期间，参加过央视益智类节目《开心辞典》的录制，大学毕业后，只身一人来到北京并取得了北京电影学院表演系MFA硕士的学位。']
袁姗姗,袁姗姗（Mabel Yuan），1987年2月22日出生于中国湖北省襄阳市，汉族，毕业于北京电影学院，中国内地女演员。2010年参演年代剧《大屋下的丫鬟》步入演艺圈。2011年凭借古装剧《秦香莲》获得南方盛典年度影视金南方最佳新人奖。2012年主演古装爱情剧《宫锁珠帘》获得第二届乐视影视盛典最具突破艺人。2013年主演装武侠剧《笑傲江湖》。2014年主演古装宫廷剧《宫锁连城》；同年，她首次参与拍摄的公益影片《有一天》上映。2015年凭借搞笑喜剧电影《煎饼侠》获得微博之夜最强电影新力量女演员；同年，加盟原创校园纪实真人秀节目《一年级·大学季》。2016年凭借喜剧爱情片《所以……和黑粉结婚了》获得第12届中美电影节最佳人气演员奖。2017年主演的都市情感剧《云巅之上》网络播放量累积突破20亿；同年，她还主演了都市情感剧《国民大生活》及麻辣喜剧《龙虾刑警》。2021年1月21日，加盟女性励志综艺节目《乘风破浪的姐姐第二季》。,"{'中文名': '袁姗姗', '外文名': 'Mabel Yuan', '别名': '姗姗、姗宝、二姑娘', '国籍': '中国', '民族': '汉族', '出生地': '湖北省襄阳市', '出生日期': '1987年02月22日', '星座': '双鱼座', '血型': 'B型', '身高': '165 cm', '体重': '47 kg', '毕业院校': '北京电影学院', '职业': '演员', '经纪公司': '袁姗姗工作室', '代表作品': '宫锁珠帘、美人无泪、笑傲江湖、云巅之上、国民大生活、煎饼侠、所以……和黑粉结婚了', '主要成就': '南方盛典年度影视金南方最佳新人奖第二届乐视影视盛典最具突破艺人微博之夜最强电影新力量女演员第12届中美电影节最佳人气演员奖女性传媒大奖年度突破女性'}","defaultdict(<class 'list'>, {'好友': ['陈乔恩', '杨幂', '冯绍峰'], '搭档': ['李晨', '霍建华', '何润东', '李慧珠', '赵樱子', '杨蓉', '陈炜', '佟梦实', '高云翔', '赵文瑄', '陈炜', '俞灏明', '孙坚', '何晟铭', '刘筱筱'], '同学': ['张小斐']})",['袁姗姗小时候被舞蹈老师看中，欲收其做学生，甚至曾追到家中劝说，但都因袁妈妈害怕练习舞蹈伤害身体而没有同意。母亲为了提升她的修养，让袁姗姗6岁就开始学习小提琴。然而立志考艺术院校的袁姗姗原本计划学习唱歌，可是老师却让袁姗姗改学表演，对于表演一无所知的袁姗姗，最终听取老师的专业建议，考取了北京电影学院，成为2005级表演系本科班的一员。']
马里山,马里山，1989年12月28日生于河南，毕业于中央戏剧学院，中国内地男演员、模特。2010年5月27日做客湖南卫视以一敌百主持人大兵对所有观众说了一句，“他若不红，天理不容”一夜爆红。在《北京爱情故事》客串和李晨搭档。之后被受邀日本NTV电视台做客《世界番付》，意想不到的在节目中被封号“世界第一美男”的称号后在日本走红，节目播出后本人谦逊回应说是节目效果。,"{'中文名': '马里山', '外文名': 'MarQ', '别名': '马里丁丁、小丁丁', '国籍': '中国', '民族': '回族', '出生地': '河南省', '出生日期': '1989年12月28日', '星座': '摩羯座', '血型': 'O型', '身高': '178 cm', '体重': '60 kg', '毕业院校': '中央戏剧学院', '职业': '模特、演员', '代表作品': '湖南卫视《以一敌百》、日本NTV《世界番付》、《北京爱情故事》', '主要成就': '以外形酷似漫画被大家所认知'}","defaultdict(<class 'list'>, {'搭档': ['李晨']})",['马里山1989年，马里山出生在河南一个普通家庭，妈妈在家做小工，爸爸做肉类生意。马里山从小到大都很乖，比较老实是乖乖仔。从小就喜欢唱歌表演的他在班上被老师们称为娱乐小王子。']
马苏,马苏，1981年2月17日出生于黑龙江省哈尔滨市，中国内地影视女演员，国家二级演员，先后毕业于解放军艺术学院舞蹈系、北京电影学院高职学院表演系。2002年，主演首部个人影视作品《大唐歌飞》，从而进入演艺圈。2004年，主演青春剧《我的功夫女友》。2007年，零片酬出演儿童公益慈善电影《缘来是爱》。2009年，凭借年代剧《北风那个吹》获得第15届上海电视节最具潜力女演员奖。2010年，凭借故事片《铁人》获得第19届金鸡百花电影节最佳女配角提名。2011年，主演谍战剧《旗袍》。2012年，凭借电视剧《女人如花》获得第26届中国电视金鹰观众最喜爱的女演员奖。2013年，凭借电视剧《北京青年》、《女人如花》获得第29届中国电视剧飞天奖优秀女演员奖；同年，马苏排在福布斯名人榜第46位。2015年3月，主演的都市情感剧《天使的城》首播；同年，受邀出席第十届罗马电影节。2016年2月，主演都市情感剧《还是夫妻》。2017年，主演古装传奇剧《巴清传》。2018年，主演现代都市喜剧电影《同学烩》。2019年9月10日，主演的乡村题材电视剧《绿水青山带笑颜》开机。2022年2月2日，参加《百花迎春》晚会，与王晓棠等人共同演唱歌曲《二十年后再相会》。,"{'中文名': '马苏', '国籍': '中国', '民族': '汉族', '出生地': '黑龙江省哈尔滨市', '出生日期': '1981年2月17日', '星座': '水瓶座', '血型': 'B型', '身高': '165 cm', '体重': '46 kg', '毕业院校': '解放军艺术学院、北京电影学院高职学院', '职业': '演员', '经纪公司': '长弓传媒', '代表作品': '大唐歌飞、北京青年、我的美丽人生、女人如花、旗袍、新白发魔女传、秀才遇到兵、王庆典的春天', '主要成就': '第29届中国电视剧飞天奖优秀女演员奖第26届中国电视金鹰奖观众喜爱的电视剧女演员奖2012中国电视剧年度明星盛典媒体特别推荐奖第十五届上海电视节白玉兰奖最具潜力新人奖第十届中美电影节最佳女配角奖展开主要成就第29届中国电视剧飞天奖优秀女演员奖第26届中国电视金鹰奖观众喜爱的电视剧女演员奖2012中国电视剧年度明星盛典媒体特别推荐奖第十五届上海电视节白玉兰奖最具潜力新人奖第十届中美电影节最佳女配角奖第二届伦敦国际华语电影节最佳女配角奖第22届华鼎奖中国当代题材电视剧最佳女演员收起', '生肖': '鸡', '性别': '女'}","defaultdict(<class 'list'>, {'前男友': ['孔令辉'], '好友': ['甘婷婷'], '搭档': ['李晨', '李昊瀚', '费伟妮', '杜淳', '黄海波'], '同学': ['姚笛']})","['马苏小时候照片', '马苏名字的由来是因为爸爸姓马，妈妈姓苏。马苏12岁时，到北京考解放军艺术学院舞蹈系，父母为了给她凑齐学费变卖了老家财产。1998年，马苏从解放军艺术学院舞蹈系毕业，但因为赶上裁军，她没能到向往的部队文工团工作，小小年纪的她便成为了北漂一族。马苏的母亲因惦记女儿，所以结束了在南方的工作，来北京陪伴她，就这样母女俩租下了北影厂附近的筒子楼。马苏在无望从事舞蹈事业的时候，开始接拍一些广告，慢慢地她发现自己渐渐爱上了表演，于是决定报考北京电影学院。但马苏第一次报考却并没有被录取，在经过一年的充分准备后，她终于如愿进入了北京电影学院表演系。']"
张译,张译（原名张毅），1978年2月17日出生于黑龙江省哈尔滨市，中国内地男演员。1997年至2006年服役于北京军区政治部战友话剧团。2006年，因主演军事励志题材电视剧《士兵突击》正式开启演艺生涯。2009年，主演抗战剧《我的团长我的团》；2013年，主演当代都市婚姻爱情剧《辣妈正传》。2014年9月，主演打拐题材电影《亲爱的》，并获得第30届中国电影金鸡奖最佳男配角奖。2015年5月，主演家庭剧情片《山河故人》。2016年9月，主演黑色幽默悬疑片《追凶者也》，凭该片获得第八届中国电影导演协会年度男演员奖；2017年6月16日，凭借都市剧《鸡毛飞上天》，获第23届上海电视节白玉兰奖最佳男主角奖。2018年2月16日，主演中国首部现代化海军题材电影《红海行动》全国上映。2019年1月，主演的剧情片《一秒钟》入围柏林电影节主竞赛单元。9月，主演的剧情片《我和我的祖国》上映。2020年3月，主演并担任艺术总监的刑侦剧《重生》播出；同年8月，主演的抗战电影《八佰》全国公映。9月，通过《光荣时代》荣获第四届网影盛典年度最佳剧集男演员；随后，主演的抗美援朝题材电影《金刚川》及主演的剧情片《一秒钟》上映。2021年，领衔主演的谍战影片《悬崖之上》上映，凭借该片获得第34届中国电影金鸡奖最佳男主角奖。2023年，主演刑侦剧《狂飙》；随后，主演的悬疑喜剧电影《满江红》上映。,"{'中文名': '张译', '外文名': 'Zhang Yi', '别名': '小太爷、欣欣', '国籍': '中国', '民族': '汉族', '出生地': '黑龙江省哈尔滨市', '出生日期': '1978年2月17日', '星座': '水瓶座', '血型': 'A型', '身高': '178 cm', '体重': '65 kg', '职业': '演员', '经纪公司': '北京安瑞影视文化传媒有限公司', '代表作品': '红海行动、一秒钟、悬崖之上、山河故人、满江红、金刚川、追凶者也、亲爱的、万里归途、鸡毛飞上天、狂飙、士兵突击、我的团长我的团、好家伙', '主要成就': '第34届中国电影金鸡奖最佳男主角奖第36届大众电影百花奖最佳男主角奖第29届中国电视金鹰奖观众喜爱的男演员奖第23届上海电视节-白玉兰奖最佳男主角奖第24届北京大学生电影节最佳男演员奖展开主要成就第34届中国电影金鸡奖最佳男主角奖第36届大众电影百花奖最佳男主角奖第29届中国电视金鹰奖观众喜爱的男演员奖第23届上海电视节-白玉兰奖最佳男主角奖第24届北京大学生电影节最佳男演员奖第12届澳门国际电影节最佳男主角奖第8届中国电影导演协会年度男演员奖第30届中国电影金鸡奖最佳男配角奖全国戏剧文化奖中国话剧金狮奖表演奖收起'}","defaultdict(<class 'list'>, {'妻子': ['钱琳琳'], '好友': ['吴京', '罗京民', '李晨', '廖凡', '黄渤', '王珞丹', '孙俪', '陈建斌', '梁静', '郝蕾', '兰晓龙', '王宝强'], '搭档': ['张颂文', '刘浩存', '张佳宁', '雷佳音', '陈思诚', '岳云鹏', '王佳怡', '易烊千玺', '沈腾', '丁勇岱', '陈雨锶', '刘萌萌'], '战友': ['肖剑']})","['张译从小的理想是当播音员，从他高二开始一门心思地考北京广播学院（以下简称“北广”）。第一次高考时，张译通过了专业考试但是没到毕业时间，于是第二次高考时他的报考志愿上，仅填了一个志愿“北广”，然而还是因为种种原因没有考上。落榜的张译很快收到了居委会发来的待业证。那一年，北广在哈尔滨只有一两个名额。恰逢当年哈尔滨话剧学院招表演学习班，待业青年张译虽然对表演一无所知，但在家人的劝说下还是去了。学了半年的表演，张译发现自己喜欢上了话剧。爱上话剧的张译来到北京，开始了走南闯北考戏剧学院的生活。1997年，恰逢北京战友话剧团学员班招生，20岁的张译，穿上了军装，如愿成为了“北京话剧界”的一员。', '在学员班，张译一直没戏可演。好不容易轮上一次，却因为紧张发挥得不好，处女秀以失败告终。同学们都演上主角的时候，张译的“主业”是在下部队的晚会中演双簧，偶尔也兼职主持人，并且负责装台卸台等一系列“副业”工作。因为张译字写得好看且会议记录很快，所以领导开始培养他写报告。除了写会议纪要和报告，张译还有一个副业是写晚会的串场词，单位大大小小的晚会几乎都出自他手。在写了太多他觉得没用的东西之后，张译终于决定，自己要写个剧本。2000年，张译被提干，去政治处当干事。2002年，张译在部队排练《士兵突击》的话剧版，后因机缘巧合参演的《士兵突击》的电视剧，开始了真正意义上的演员工作。']"
小海绵,小海绵，黄晓明与杨颖的儿子。约重达5.9斤（约2950克），“小海绵”长相和爸爸比较相像，尤其有个超挺鼻子和翘下巴，且耳朵很饱满，看起来颇有福气，模样也相当可爱。黄晓明和Angelababy被粉丝昵称“海绵夫妇”，源自于2010年两人恋情还在传绯闻的时候，女方常在微博提到“海绵蛋糕”，和“晓明大哥”的粤语发音相似，被联想隔空传情，小俩口结婚后也就被港媒称为“海绵夫妇”，儿子取名“小海绵”正是象征夫妻俩爱的结晶。,"{'中文名': '小海绵', '国籍': '中国', '民族': '汉族', '出生日期': '2017年1月17日', '出生地': '香港', '星座': '摩羯座', '父亲': '黄晓明', '母亲': 'Angelababy（杨颖）', '舅舅': '杨帆', '祖父': '黄境清', '祖母': '张素霞'}","defaultdict(<class 'list'>, {'父亲': ['黄晓明'], '母亲': ['Angelababy'], '祖父': ['黄境清'], '祖母': ['张素霞'], '舅舅': ['杨帆']})",[ERROR]检索人物生平信息出错
杨帆,杨帆（Keven），Angelababy的弟弟，比Angelababy小7岁。1996年出生，汉族人。,"{'中文名': '杨帆', '外文名': 'Keven', '国籍': '中国', '民族': '汉族', '出生地': '上海市', '出生日期': '1996年', '毕业院校': '南京大学', '职业': '演员', '代表作品': '都要微笑好吗', '姐姐': '杨颖(Angelababy)', '外甥': '小海绵'}","defaultdict(<class 'list'>, {'姐姐': ['Angelababy'], '外甥': ['小海绵']})",[ERROR]检索人物生平信息出错
黄晓明,黄晓明，1977年11月13日出生于山东省青岛市，中国内地男演员、歌手，毕业于北京电影学院表演系。1998年主演个人首部电视剧《爱情不是游戏》进入演艺圈。2001年凭借古装剧《大汉天子》获得关注。自2005年起连续10年入选“福布斯中国名人榜”。2006年参演古装片《夜宴》。2007年主演民国剧《新上海滩》；同年发行个人首张专辑《It's Ming》。2009年凭借歌曲《好人卡》获得北京流行音乐典礼年度金曲奖。2010年凭借谍战片《风声》获得第17届北京大学生电影节最受欢迎男演员奖。2011年成立黄晓明工作室。2013年凭借剧情片《中国合伙人》获得中国电影金鸡奖、中国电影华表奖、大众电影百花奖最佳男主角奖。2015年成为首位在好莱坞中国剧院留下手印的中国内地男演员。2016年凭借史诗片《大唐玄奘》获得第13届中国长春电影节最佳男主角奖。2017年主演古装剧《琅琊榜之风起长林》。2018年主演爱情片《无问西东》上映。2019年凭借剧情片《烈火英雄》该片获得第35届大众电影百花奖最佳男主角奖、第33届中国电影金鸡奖最佳男主角奖；同年担任第32届中国电影金鸡奖评委。2020年主演民国剧《鬓边不是海棠红》。2021年主演年代剧《光荣与梦想》播出。演艺事业外，他还热心于公益慈善。2008年担任中国儿童少年基金会形象大使。2009年担任联合国儿童基金香港委员会儿童基金会爱心大使。2014年当选山东省十大杰出青年，同年成立“黄晓明明天爱心基金”。2016年担任中国保护大熊猫研究中心形象大使。,"{'中文名': '黄晓明', '外文名': 'Huang Xiaoming', '别名': '教主、猫、钢钉侠、熊猫明、囧明', '国籍': '中国', '民族': '汉族', '出生地': '山东省青岛市市南区', '出生日期': '1977年11月13日', '星座': '天蝎座', '血型': 'O型', '身高': '179 cm', '毕业院校': '北京电影学院', '职业': '演员、歌手', '经纪公司': '黄晓明工作室', '代表作品': '中国合伙人、风声、烈火英雄、无问西东、大唐玄奘、大上海、撒娇女人最好命、大汉天子、神雕侠侣、新上海滩、暗香、精忠岳飞、鬓边不是海棠红、匹夫、锦绣缘华丽冒险、琅琊榜之风起长林、赵氏孤儿、鹿鼎记、玫瑰之战、暗恋、什么都可以、缘、精忠传奇、就算没有明天', '主要成就': '第29届中国电影金鸡奖最佳男主角奖第32届大众电影百花奖最佳男主角奖第15届中国电影华表奖优秀男演员奖第32届中国电影金鸡奖评委第13届中国长春电影节最佳男主角奖展开主要成就第29届中国电影金鸡奖最佳男主角奖第32届大众电影百花奖最佳男主角奖第15届中国电影华表奖优秀男演员奖第32届中国电影金鸡奖评委第13届中国长春电影节最佳男主角奖第17届北京大学生电影节最受欢迎男演员第10届华语电影传媒大奖最具人气男演员第11届华语电影传媒大奖最受瞩目男演员山东省十大杰出青年称号联合国艾滋病规划署中国亲善大使中国电影家协会青年和新文艺群体工作委员会会长第12届中国长春电影节最佳男主角奖第35届大众电影百花奖最佳男主角奖第33届中国电影金鸡奖最佳男主角奖收起', '公益基金': '黄晓明明天爱心基金', '生肖': '蛇', '影友会': '明教', '性别': '男'}","defaultdict(<class 'list'>, {'儿子': ['小海绵'], '父亲': ['黄境清'], '母亲': ['张素霞'], '前妻': ['Angelababy'], '前女友': ['李菲儿', '秦岚', '刘立淇'], '义父': ['向华强'], '义母': ['陈岚'], '堂弟': ['黄晓龙'], '表妹': ['陈梦'], '好友': ['佟大为', '陈乔恩', '尚涛', '苏红', '李冰冰', '路帅', '黄子韬', '杜淳', '苏红', '巍子'], '搭档': ['王艳', '章龄之', '应采儿', '王力宏', '冯绍峰', '任泉', '蔡文静', '孙志翔', '范冰冰', '李梦', '宋茜', '赵文卓', '余文乐', '陈冠希']})","['黄晓明早年经历', '黄晓明全家福照以及童年照(20张)1984年，黄晓明被电影制片厂的人看中，邀请他担任儿童电影的主角，但是由于他的性格内向，加上见到生人就害羞，于是被制片厂的人替换掉。1996年夏天，黄晓明参加了北京电影学院的面试，并且得到了崔新琴老师的肯定；同年，他从青岛一中考入北京电影学院表演系本科班，与赵薇、陈坤成为同班同学。1997年，上大二的黄晓明接拍了第一个广告，并凭借该广告挣了1500元，这也是他挣的第一份钱。', '黄晓明演艺经历', '黄晓明学生时代(9张)1998年，黄晓明出演都市剧《爱情不是游戏》，在剧中饰演男一号肖卓一，这是他的首部电视剧，也是他演艺生涯的开端。1999年，主演个人首部电影《我们结婚吧》，在片中饰演外表帅气的装潢公司设计师李俊。2000年，与李明珠、闫勤共同主演情景喜剧《网虫日记》，在剧中饰演装酷成性的网络作家俞白眉；同年，与陈宝国主演古装探案剧《龙珠风暴》，在剧中饰演狄仁杰之子狄光远；同年，与邵兵、陈小春合作主演民国爱情剧《长缨在手》。', '2001年，与王学圻、陶虹共同主演剧情片《明亮的心》；同年，与陈道明、贾静雯共同主演历史剧《大汉天子》，在剧中饰演少不经事的汉武帝刘彻。2002年，出演古装剧《无敌县令》，在剧中饰演嚣张跋扈、骄纵狂妄的天龙太子。2003年，主演古装喜剧《风流少年唐伯虎》，在剧中饰演玩世不恭、不思功名的少年才子唐伯虎，并凭借该剧获得第14届浙江电视牡丹奖杰出演员奖；同年，主演古装爱情剧《还珠格格3之天上人间》，在剧中饰演侠气和柔气并重的侠客箫剑。', '黄晓明2004年4月，与宁静、王刚一起主演古装历史剧《大汉天子2》，在剧中饰演雄才大略的汉武帝刘彻；8月，在洪金宝主演的动作喜剧片《龙威父子》中饰演通过勤学苦练成为功夫高手的祁风；同年，与修庆、蒋欣合作主演古装商战剧《龙票》，在剧中演绎了清代晋商风云人物祁子俊的传奇一生。', '2005年4月，与印小天、于娜共同主演中国内地首部以反映模特生活为题材的时装剧《女才男貌》，在剧中饰演性格复杂、攻于心计的反派人物王军；7月，与安以轩、孙海英共同主演历史剧《大汉天子3》；8月，主演古装单元剧《新聊斋志异》，在剧中饰演勤奋向学、善恶分明的书生柏杨。', '2006年3月，在“福布斯中国名人榜”中排名第52名；3月14日，与刘亦菲共同主演的武侠剧《神雕侠侣》播出，在剧中饰演孤傲狂放又重情重义的“神雕大侠”杨过；同年，黄晓明将演艺事业的重心转向大银幕；9月，与章子怡、葛优、吴彦祖共同出演古装片《夜宴》，在片中演绎了太尉之子殷隼从年少气盛到满腹城府的转变过程；12月，获得“2006星光大典”内地最受欢迎男演员奖。', '写真合集(57张)', ""2007年1月，与孙俪一起合作主演由高希希执导的民国剧《新上海滩》，在剧中饰演英俊潇洒、深沉清高的许文强；并与孙俪合唱该剧片尾曲《就算没有明天》；该剧播出后以13.4的收视率创下上海电视台播出电视剧的单集收视纪录；黄晓明亦凭借该剧获得新浪电视剧排行榜第一季度颁奖礼最佳男演员奖以及第13届上海电视节白玉兰奖最佳男演员提名；4月9日，正式签约华谊兄弟；同年，发行个人首张专辑《It's Ming》，其中主打歌《暗恋》获得香港新城国语力颁奖礼“新城国语力金曲奖”；黄晓明凭借该专辑获得香港新城国语力颁奖礼中国内地人气偶像奖、大学生音乐节年度“最受大学生推崇风尚艺人奖”、全球华语歌曲排行榜“全能艺人奖”等奖项。"", '表演现场(25张)2008年，黄晓明演唱的歌曲《什么都可以》获得雪碧中国原创音乐流行榜“内地金曲奖”、《9+2音乐先锋榜》内地十大先锋金曲奖；3月，在“福布斯中国名人榜”中排名第16名；7月，主演由于敏执导的古装武侠剧《鹿鼎记》，在剧中饰演出身市井且刁钻油滑的小市民韦小宝；10月，日本朝日电视台《Sma STATION》节目公布了“亚洲35岁以下男演员”榜单，黄晓明凭借《新上海滩》排名第9位；11月，参演爱情片《爱情呼叫转移2：爱情左右》，在片中饰演一位外表帅气的交通警察；同年，演唱歌曲《北京欢迎你》。', '2009年1月，投资并主演了家族商战剧《暗香》；主唱片尾曲《你是天使》。3月，《福布斯》中文版公布了“中国名人榜”，黄晓明位列第16名；4月，与任贤齐、陈冠希共同主演动作片《神枪手》，在片中饰演自信、沉默寡言的神枪手凌靖；8月，获得第12届中国电影表演艺术学会金凤凰奖学会奖；同年，参演建国六十周年电影《建国大业》，在片中饰演毛主席的警卫长李银桥一角；9月29日，黄晓明主演的谍战片《风声》上映，他在片中改变戏路，塑造了反派角色武田心狠手辣、不择手段的人物形象，并为该片演唱了同名主题曲黄晓明凭借该片获得第4届亚洲电影大奖最佳男配角提名、第30届大众电影百花奖最佳男主角提名以及第28届中国电影金鸡奖最佳男配角奖提名；同年11月，获得第9届全球华语歌曲排行榜最佳全能艺人奖、年度最受欢迎华语歌坛男歌手五强等奖项。', '2010年2月，获得北京流行音乐典礼年度全能艺人奖；3月，发行国语专辑《moopa暮趴》；专辑融合了电子舞曲、中国风、hip-hop等多种曲风；4月，在福布斯中国名人榜中排名第19位；4月28日，黄晓明与甄子丹、洪金宝共同主演的动作片《叶问2》上映，他在片中饰演年少气盛但天份甚高的黄梁；该片在中国内地上映10天票房突破1亿元；5月，凭借谍战片《风声》获得第17届北京大学生电影节最受欢迎男演员奖，7月9日，黄晓明与任贤齐、张静初合作主演的古装片《唐伯虎点秋香2之四大才子》上映，在片中再度饰演风流才子唐伯虎；8月，主演偶像剧《泡沫之夏》，在剧中饰演具有帅气外形和痴情本性的洛熙；同年，客串古装片《龙凤店》；年底，黄晓明离开了签约三年的华谊兄弟公司；12月，与葛优、王学圻等共同主演由陈凯歌执导的古装历史片《赵氏孤儿》，在片中以毁容的造型出现，塑造了复仇者韩厥忠义、坚韧、果敢的人物形象，并凭借该片获得第5届亚洲电影大奖最佳男配角提名。', '2011年5月，位列福布斯中国名人榜第11名；6月，凭借古装片《赵氏孤儿》获得第11届华语电影传媒大奖票选最受瞩目男演员等奖。2012年，担任剧情片《匹夫》的男主角和出品人，在该片中饰演匪帮方有望，并凭借该片获得英国万像国际华语电影节最佳男主角奖、第9届广州大学生电影节最受大学生欢迎男演员；客串爱情片《春娇与志明》，在该片中本色出演；7月，与周润发联袂主演剧情片《大上海》，在片中饰演聪敏能干、为人仗义的成大器；8月，担任第十一届长春国际电影节形象大使；9月，在福布斯中国名人榜中排名第23位；11月13日，成为首位入驻香港杜莎夫人蜡像馆的中国内地男艺人；12月，主演古装武侠片《血滴子》，在片中饰演学识广博的思想家天狼。', '获奖(9张)2013年5月，主演由陈可辛执导的中国首部创业电影《中国合伙人》在片中演绎了男主角成东青从土鳖青年到高富帅的转变过程，该片在中国内地上映后累积票房超过5.3亿元；黄晓明凭借该片获得29届中国电影金鸡奖、第15届中国电影华表奖、第12届长春电影节金鹿奖、第32届大众电影百花奖最佳男主角奖；同年担任东方卫视选秀节目《中国梦之声》的导师；6月，客串出演喜剧片《不二神探》，在该片中饰演国际刑警；7月，与林心如、罗嘉良、邵兵合作主演古装动作剧《精忠岳飞》，在剧中饰演忠肝义胆的英雄岳飞，并与谭晶演唱该剧片尾曲《精忠传奇》；凭借该剧获得第27届中国电视金鹰奖观众喜爱的男演员提名；同年参演古装喜剧《龙门镖局》，在剧中客串饰演神医黄一平一角；8月8日，主演悬疑片《一场风花雪月的事》；8月9日，与徐若瑄合作主演的剧情片《玛德2号》上映，在该片中饰演善良正直的小铁；9月30日，主演的励志题材的电影《神奇》上映，在片中饰演在虚拟世界里呼风唤雨、无所不能的游戏软件开发高手冰山；10月，凭借剧情片《大上海》获得第9届华鼎奖中国电影年度最佳男演员奖提名；同年，在福布斯中国名人榜中排名第8名。', '2014年，在福布斯中国名人榜中位列第4名；5月4日，当选为“山东省十大杰出青年”；6月，与陈乔恩合作主演青春爱情片《激浪青春》，在片中饰演充满青春气息的运动员何天华；8月，与范冰冰共同主演的古装动作爱情片《白发魔女传之明月天国》上映；在该片饰演武功高强、胆识过人的卓一航一角；11月，与周迅合作主演爱情喜剧片《撒娇女人最好命》，在片中饰演外表帅气、内心呆萌的恭志强；12月2日，黄晓明与章子怡、金城武主演的战争片《太平轮：乱世浮生》上映，他在片中饰演具有浪漫主义情怀的英雄雷义方；12月21日，担任CCTV-6综艺选秀节目《来吧！灰姑娘》的导师。', '在好莱坞中国剧院留下手印2015年3月，与陈乔恩、乔任梁共同主演的民国爱情传奇剧《锦绣缘华丽冒险》播出，他在剧中饰演深情霸道的黑道王子左震；该剧首播当日全国网收视率2.67，城市网收视率1.52，位居卫视同时段收视冠军；并以csm50城平均1.994的收视率获得2015年上半年中国内地卫视收视率亚军；该剧播出时网络播放量亦获得同时段冠军，最终网络播放量突破50亿；4月，与刘青云、薛凯琪共同主演动作悬疑片《暴疯语》，在片中饰演勇敢面对危机的精神科医生周明杰；5月，搭档杨幂主演爱情片《何以笙箫默》，在片中饰演英俊不凡、自信沉着的法学院才子何以琛；5月12日，在福布斯中国名人榜中排名第五；6月，在喜剧片《横冲直撞好莱坞》中饰演为了追回深爱的女友而只身前往好莱坞的何宇明；6月3日，成为首位在好莱坞中国剧院留下手印的中国内地男演员；7月，主演战争片《太平轮·彼岸》；同年，主演史诗电影《大唐玄奘》，在片中饰演经历各种磨难西行求取真经的大唐高僧玄奘；此外，他还参演了魔幻片《3D封神榜》；11月6日，黄晓明参加湖南卫视节目《全员加速中》，并担任队长。', '我们的挑战(9张)2016年1月23日，加盟湖南卫视真人秀互动节目《旋风孝子》；3月，担任都市剧《新万水千山总是情》的制片人；4月29日，主演的史诗片《大唐玄奘》上映；凭借该片他获得了第1届意大利中国电影节最佳男主角奖和第13届中国长春电影节最佳男主角奖。6月11日担任东方卫视综艺节目《加油美少女》导师；7月29日，出演的动作电影《封神传奇》上映，他在片中饰演亦邪亦正的二郎神；10月1日，与刘德华、王祖蓝合作主演的喜剧电影《王牌逗王牌》上映，他在片中饰演侠盗洛天豪；10月17日，参演古装喜剧《欢喜密探》，在剧中饰演河神；12月起，担任江苏卫视综艺节目《我们的挑战》的常驻嘉宾。', '《光荣与梦想》周恩来(6张)2017年，与史泰龙合作主演好莱坞动作片《金蝉脱壳2》；6月12日，与宋茜合作主演的古装神话剧《上古情歌》播出，他在剧中饰演个性不羁豁达的若疆战神赤云；7月22日，参加湖南卫视青春合伙人经营体验节目《中餐厅》；12月14日，参演的动作片《奇门遁甲》上映；12月18日，与刘昊然、佟丽娅共同主演的古装权谋剧《琅琊榜之风起长林》在东方卫视、北京卫视周播剧场播出，他在剧中饰演刚柔并济、行事沉稳的长林世子萧平章。', '2018年1月12日，与章子怡、王力宏、张震合作主演的剧情片《无问西东》上映，在该片中饰演认真、执着又纯粹的优秀的理工学生陈鹏；2月15日，参加央视春晚表演并演唱歌曲《龙的传人》；6月29日，主演的动作片《金蝉脱壳2》上映，在该片中饰演功夫高强的周树一角，并演唱电影宣传曲《太彪了》；9月28日，与殷桃、秦海璐合作主演情感剧《你迟到的许多年》在湖南卫视播出，在剧中饰不忘军人初心的转业军人沐建峰。', '2019年1月1日，参加央视元旦晚会并演唱歌曲《在那遥远的地方》；2月4日，参加2019年中央广播电视总台春节联欢晚会，并与刘涛表演歌舞《请茶歌》；8月1日，主演由陈国辉执导的剧情片《烈火英雄》，在片中饰演消防队长江立伟，并演唱该片宣传曲《别哭，我最爱的人》，该片最终取得17亿元人民币的票房成绩；9月13日，参加2019年中央广播电视总台中秋晚会，并与伊丽媛演唱歌曲《但愿人长久》；11月23日，第32届中国电影金鸡奖颁奖典礼在厦门举行，黄晓明担任评委。', '黄晓明2020年1月24日，在2020年中央广播电视总台春节联欢晚会上与金靖、宋祖儿、王自健等表演小品《机场姐妹花》；1月31日，与蔡文静、张博等演唱的公益歌曲《我们一定会胜利》发布；2月，演唱文艺界抗击疫情主题MV《坚信爱会赢》；3月20日，与尹正、佘诗曼共同主演的民国剧《鬓边不是海棠红》在爱奇艺播出，在剧中饰演爱国商人程凤台；6月12日，女团成长综艺节目《乘风破浪的姐姐》在芒果TV播出，黄晓明担任成团见证人；9月26日，凭借电影《烈火英雄》获得第35届大众电影百花奖最佳男主角奖，同年，以排名第76位列2020福布斯中国名人榜；10月21日，担任四川省影视艺术联盟顾问；10月27日，其领衔主演的犯罪悬疑电影《戴假发的人》开机，片中饰演夜班出租车司机孟中；11月7日，凭借电影《烈火英雄》提名第33届中国电影金鸡奖最佳男主角奖；11月28日，凭借电影《烈火英雄》中饰江立伟获第33届中国电影金鸡奖最佳男主角奖。', '2021年1月16日，与谭卓、蔡文静等合作主演的职场都市爱情剧《紧急公关》在CCTV8播出；1月22日，励志综艺节目《乘风破浪的姐姐第二季》在芒果tv开播，黄晓明担任见证人。；5月25日，参演的重大革命历史题材剧《光荣与梦想》在北京卫视和东方卫视播出，在剧中饰演青年时期的周恩来；6月26日，参演《百年礼赞一庆祝中国共产党成立100周年大型交响音诗画》节目，担任油画《温暖》 讲解员；7月30日，经营体验类综艺节目《中餐厅第五季》在湖南卫视播出，黄晓明担任店长；9月21日，参加“湾区升明月”2021大湾区中秋电影音乐晚会，与众星共同演唱歌曲《东方之珠》和《国家》；9月26日，主演由郑晓龙执导的电视剧《功勋》，在剧中饰演核潜艇总设计师黄旭华；10月，主演电影《阿麦从军》；12月30日，担任第34届金鸡奖闭幕式暨颁奖典礼主持人。', '2022年2月1日，特别出演由韩寒执导的剧情电影《四海》上映；同年，参加《百花迎春》晚会，与靳东、吴京等人共同讲述《致百花》；3月17日，参演的电影《你是我的春天》发布主题曲《想看你笑的样子》MV。3月30日，领衔主演的谍战题材电视剧《潜伏者》杀青，在剧中饰演方嘉树；4月23日，与伊丽媛合作发行单曲《阅行万里》；5月22日，参加纪念毛泽东同志《在延安文艺座谈会上的讲话》发表八十周年暨庆祝大众电影百花奖创立六十周年特别节目；7月1日，参演的电影《你是我的春天》上映，在影片中饰演独自照顾儿子的援鄂女医生家属、孩子爸爸李敬；8月8日，与袁泉领衔主演的都市律政剧《玫瑰之战》播出，在剧中饰演丰盛；8月12日，经营体验类综艺节目《中餐厅第六季》在湖南卫视播出，黄晓明担任店长；9月10日，在《明月知我——闽江之心中秋电影云歌会》上送出中秋祝福；9月23日，主演的《纵横芯海》阵容官宣；9月30日，友情出演的电影《平凡英雄》上映。10月，参与录制的音乐电视作品《我们的歌》正式发布；11月3日，搭档张小斐出演家庭情感剧《好事成双》，在剧中饰演归国人才顾许。12月14日，黄晓明参加电影《伟大的战争》演员阵容。12月31日，加盟《湖南卫视2022-2023跨年晚会》，与尹正演唱《太阳星辰》《老友万岁》。', '2023年4月16日，加盟综艺《极限挑战第九季》。5月5日，参加的《乘风2023》播出。8月18日，参演的电影《最后的真相》定档上映。', '《神雕侠侣》杨过(6张)《锦绣缘华丽冒险》左震(10张)《你迟到的许多年》沐剑峰(7张)《太平轮》雷义方(2张)《风声》武田(5张)《何以笙箫默》何以琛(7张)《大唐玄奘》玄奘(8张)《中国合伙人》成东青(8张)《大上海》成大器(7张)《一场风花雪月的事》薛宇(12张)《撒娇女人最好命》恭志强(7张)《匹夫》方有望(7张)', '黄晓明商业经历', '2007年12月，成立东阳易星传媒有限公司，前身为黄晓明工作室。旗下艺人有张海宇、汪汐潮、朱信宗、林世杰、韩旭、王天野、郭小炜。', '2011年，成立个人演艺公司“黄晓明工作室”。', '2014年5月28日，与任泉、李冰冰共同出资组建明星风险投资机构Star VC。', '2015年4月，成立北京明嘉投资管理有限公司；6月，成立上海醇雅明坊公司，同年成为西班牙里奥哈酒庄Bodegas LAN的中国总代理；7月，投资互联网金融平台“爱财有道”；7月19日，投资健身O2O项目“芭比辣妈”；11月24日，与陈岚、王一涵、林鹏等人共同创立TENTé动心珠宝。', '2022年2月15日，CheeseFashion关联公司创合聚力（北京）科技有限公司发生工商变更，黄晓明从股东中退出。', '2022年，黄晓明新沂易炎影视文化工作室企业状态变更为注销，注销原因为决议解散。']"
陈伟霆,陈伟霆（William Chan），1985年11月21日出生于中国香港，祖籍广东省云浮市，华语影视男演员、歌手、主持人，毕业于香港圣若瑟英文学校。2003年，因参加全球华人新秀香港区选拔赛而进入演艺圈。2006年成为Sun Boy’z组合一员。2008年开始独立发展，随后推出个人首张专辑《Will Power》，并获2008年度十大劲歌金曲颁奖典礼最受欢迎男新人金奖、第31届十大中文金曲最有前途新人金奖。2012年，获得新城劲爆颁奖礼新城劲爆亚洲跳唱歌手奖。2013年，陈伟霆将工作重心转移至中国内地，并凭借灾难电影《救火英雄》获得第五届澳门国际电影节最佳男配角奖。2014年，因主演古装仙侠偶像剧《古剑奇谭》被内地观众熟知，并获得国剧盛典年度最受欢迎全能艺人奖、年度电视剧媒体最期待演员；同年，他还因励志喜剧电影《男人不可以穷》获得英国万像国际华语电影节最佳青年男演员奖。2015年，主演的民国偶像剧《活色生香》及古装仙侠剧《蜀山战纪之剑侠传奇》相继播出；同年，凭借《古剑奇谭》获得第17届华鼎奖中国百强电视剧最佳新锐提名。2016年，凭借民国悬疑剧《老九门》获得颇高关注；同年12月，获得2017爱奇艺尖叫之夜年度人物奖。2017年，他主演的古装奇幻权谋剧《醉玲珑》播出。2018年，陈伟霆主演的都市情感剧《南方有乔木》、魔幻电影《战神纪》及都市刑侦剧《橙红年代》相继播映。2020年8月，名列2020福布斯中国名人榜第40位；同年，凭借电影《宠爱》获得第8届温哥华华语电影节最受欢迎男演员奖。,"{'中文名': '陈伟霆', '外文名': 'William Chan', '别名': '等等、饱饱、Waiting', '国籍': '中国', '民族': '汉族', '出生地': '中国香港', '出生日期': '1985年11月21日', '星座': '天蝎座', '血型': 'A型', '身高': '182 cm', '体重': '63 kg', '毕业院校': '香港耀中国际学校', '职业': '演员、歌手、主持人', '经纪公司': '英皇娱乐集团有限公司', '代表作品': '前度、古剑奇谭、活色生香、蜀山战纪之剑侠传奇、老九门、醉玲珑、战神纪、南方有乔木、橙红年代、有借有还、好想抱着你、Love U2、女皇、我门', '主要成就': '第5届澳门国际电影节最佳男配角奖第8届温哥华华语电影节最受欢迎男演员奖第6届英国万像国际华语电影节最佳青年男演员奖尖叫2015爱奇艺之夜最受欢迎男演员奖2014国剧盛典最受欢迎全能艺人奖展开主要成就第5届澳门国际电影节最佳男配角奖第8届温哥华华语电影节最受欢迎男演员奖第6届英国万像国际华语电影节最佳青年男演员奖尖叫2015爱奇艺之夜最受欢迎男演员奖2014国剧盛典最受欢迎全能艺人奖第28届十大劲歌金曲杰出表现奖金奖第29届十大劲歌金曲最受欢迎唱作歌星铜奖第31届十大中文金曲最有前途新人奖金奖2012新城劲爆颁奖礼新城劲爆亚洲跳唱歌手奖2017爱奇艺尖叫之夜年度人物奖2020福布斯中国名人榜第40位收起', '语种': '粤语普通话英语', '粉丝名称': '女皇', '祖籍': '广东云浮'}","defaultdict(<class 'list'>, {'前女友': ['蔡卓妍', 'Angelababy'], '好友': ['张杰'], '搭档': ['章若楠', '马天宇', '张致恒'], '师兄': ['谢霆锋']})",[ERROR]检索人物生平信息出错
杨幂,杨幂，1986年9月12日出生于北京市，中国内地影视女演员、流行乐歌手、影视制片人。2005年，杨幂进入北京电影学院表演系本科班就读。2006年，因出演金庸武侠剧《神雕侠侣》崭露头角。2008年，凭借古装剧《王昭君》获得第24届中国电视金鹰奖观众喜爱的电视剧女演员奖提名。2009年，在“80后新生代娱乐大明星”评选中被评为“四小花旦”。2011年，凭借穿越剧《宫锁心玉》赢得广泛关注，并获得了第17届上海电视节白玉兰奖观众票选最具人气女演员奖。2012年，不仅成立杨幂工作室，还凭借都市剧《北京爱情故事》获得了多项荣誉。2015年，主演的《小时代》系列电影票房突破18亿人民币。2016年，其主演的职场剧《亲爱的翻译官》取得全国年度电视剧收视冠军。2017年，杨幂主演的神话剧《三生三世十里桃花》获得颇高关注；同年，她还凭借科幻片《逆时营救》获得休斯顿国际电影节最佳女主角奖。2018年，凭借古装片《绣春刀Ⅱ：修罗战场》获得北京大学生电影节最受大学生欢迎女演员奖；同年，她还获得了第五届中国电视好演员奖绿宝石女演员奖。2021年，首次参加央视春节联欢晚会。,"{'中文名': '杨幂', '外文名': 'Yang Mi，Mini', '别名': '紫曦、幂幂、狐狸、小幂、狐小幂、大幂幂', '国籍': '中国', '民族': '汉族', '出生地': '北京市', '出生日期': '1986年9月12日', '星座': '处女座', '血型': 'B型', '身高': '166.5 cm', '体重': '45 kg(2020年数据)', '毕业院校': '北京电影学院', '职业': '演员、歌手、制片人', '经纪公司': '杨幂工作室', '代表作品': '三生三世十里桃花、宫锁心玉、小时代、仙剑奇侠传三、亲爱的翻译官、我是证人、古剑奇谭、王昭君、北京爱情故事、美人心计', '主要成就': '第九届中国金鹰电视艺术节最具人气女演员第17届上海电视节白玉兰奖最具人气女演员第50届休斯敦国际电影节最佳女主角第25届北京大学生电影节最受欢迎女演员第16届广州大学生电影节最受欢迎女主角', '粉丝名': '蜜蜂', '唱片公司': '少城时代'}","defaultdict(<class 'list'>, {'女儿': ['刘苡馨'], '父亲': ['杨晓林'], '前夫': ['刘恺威'], '伯伯': ['杨晓京'], '好友': ['黄明昊', '谭维维', '袁姗姗', '李小璐', '霍思燕', '霍建华', '刘诗诗', 'Angelababy', '华晨宇', '迪丽热巴', '冯绍峰', '张大大', '郭敬明', '王龙华'], '搭档': ['于朦胧', '乔振宇', '白宇', '周奇奇', '黄子韬', '张彬彬', '柴蔚', '郭碧婷', '陈学冬', '柯震东', '陈晓', '文梦洋', '张艺瀚', '杜天皓', '潘时七', '李悦铭', '曾志伟']})",[ERROR]检索人物生平信息出错
井柏然,井柏然，1989年4月19日出生于辽宁省沈阳市，中国内地影视男演员、流行乐歌手，毕业于沈阳外事服务学校。2007年，参加东方卫视选秀娱乐节目《加油！好男儿》的比赛，获得沈阳唱区冠军、全国总决赛冠军、最佳网络人气奖，从而正式进入演艺圈；同年，以“BoBo”组合成员身份随组合首张EP专辑《光荣》。2008年，随BoBo推出组合首张音乐专辑《世界之大》。2009年，在校园情景剧《青春进行时》中饰演男主角井宝。2010年，凭借电影《全城热恋》获得“第17届北京大学生电影节”最佳新人奖；同年，与郭书瑶推出EP专辑《暖暖手》。2011年，推出首张个人音乐专辑《井柏然》。2012年，获得“第11届中国原创音乐流行榜”最优秀新人奖。2013年，在剧情电影《等风来》中饰演男主角王灿。2014年，主演古装穿越情感剧《相爱穿梭千年》。2015年，主演古装奇幻电影《捉妖记》；同年，凭借电影《失孤》获得“第30届金鸡奖”最佳男配角奖的提名。2016年，在爱情电影《微微一笑很倾城》中饰演男主角肖奈。2017年4月，作为固定成员参加湖南卫视青春伙伴自助远行真人秀节目《花儿与少年第三季》。2018年，继续出演古装奇幻电影《捉妖记2》；4月28日，主演的爱情片《后来的我们》上映；12月22日，参加爱奇艺出品的年轻演员品训类节目《演员的品格》，担任演值团学长。2019年4月4日，其主演的犯罪悬疑电影《风中有朵雨做的云》正式上映。2019年8月，福布斯发布中国100名人榜，井柏然位列31位。,"{'中文名': '井柏然', '外文名': 'Jing Bo Ran', '别名': '井宝、小井', '国籍': '中国', '民族': '汉族', '出生地': '辽宁省沈阳市', '出生日期': '1989年4月19日', '星座': '白羊座', '血型': 'AB型', '身高': '183 cm', '体重': '67 kg', '毕业院校': '沈阳外事服务学校', '职业': '演员、歌手', '经纪公司': '井柏然工作室', '代表作品': '捉妖记、失孤、风中有朵雨做的云、相爱穿梭千年、攀登者、全城热恋、后来的我们、等风来', '主要成就': '第17届北京大学生电影节最佳新人奖第13届中国长春电影节最佳男配角奖第33届大众电影百花奖最佳男主角提名第30届中国电影金鸡奖最佳男配角提名第30届香港电影金像奖最佳新演员提名', '个人爱好': '书写、钢琴、摄影、绘画', '粉丝名称': 'BabyFace（简称：BBF）'}","defaultdict(<class 'list'>, {'前女友': ['倪妮'], '好友': ['彭于晏', 'Angelababy', '王嘉尔', '白敬亭'], '搭档': ['白百何', '谭松韵', '宋威龙', '付辛博', '秦海璐']})",['该人物没有人物生平相关信息']
张大大,张大大，本名张韡（wěi），1990年11月2日出生于上海市，中国内地男主持人，毕业于上海戏剧学院。2010年开始担任湖南卫视主持人，主持湖南娱乐频道节目《单身厨房》，担任2010年度星姐选举主持人。2011年开始主持节目《挑战麦克风》。2013年2月，担任《我是歌手第一季》竞演歌手黄贯中经纪人。7月，主持节目《娱乐急先锋》。2015年担任《我是歌手》中谭维维的芒果“经纪人”。同年登上微博热搜高达50余次。2016年，张大大手持十余档节目，包括安徽卫视的《超级大首映》、湖南卫视《我是歌手》等，以及口碑与点击量双赢的《偶滴歌神啊》《大学生来了》《周一见》第一季第二季、《大牌对王牌》等网综节目。并加盟湖南卫视大型少女团体综艺节目《夏日甜心》，担任甜心兄长。2017年，主持了《明日之子第一季》《大学生来了第二季》等节目，并作为固定嘉宾参与了《奇兵神犬》《疯狂衣橱》。2018年，主持《翻牌大明星》《三宝大战诸葛亮》《超新星全运会第一季》等节目。2019年起，主持了《明日之子第三季》 《创造营2019》总决赛、《合唱吧！300》等节目，同年，参加《我就是演员之巅峰对决》。2020年，在《亲爱的请放松》《炙热的我们》中担任节目主持人，并主持了《少年之名》总决赛、《明日之子第四季》半决赛。,"{'中文名': '张大大', '外文名': 'Wayne（英文名）', '别名': 'BIGBIG张大大', '国籍': '中国', '民族': '汉', '籍贯': '上海', '出生日期': '1990年11月2日', '毕业院校': '上海戏剧学院', '职业': '主持人', '主要成就': '荣登“2020福布斯中国30岁以下精英榜”', '出生地': '上海', '代表作品': '明日之子、炙热的我们、大学生来了', '星座': '天蝎座', '血型': 'AB型', '原名': '张韡'}","defaultdict(<class 'list'>, {'好友': ['杨幂', 'Angelababy'], '搭档': ['谭维维', '黄贯中']})",['张大大(20张)张大大毕业于上海戏剧学院07级播音与主持专业本科。大学一年级通过CET4、CET6的考试。在上戏每一年都会拿奖学金，奖学金都用作学费了。因为学的是播音主持专业，从大二开始就在上海做节目了，大概有1年半的时间。']
韩火火,韩火火，时尚编辑，中国时装创意人，出生于北京。曾经先后供职于《时尚COSMOPOLITAN》、《Marie Claire》等国际时尚杂志。2009年2月份的时装周上，因有别于当时主流审美下优质出挑的街拍造型而一时间受到众多国内外著名品牌及国际知名博主的青睐，同时也得到舆论的广泛关注，一夜成名。2009年，在短短一年间三次收到综艺娱乐类节目《快乐大本营》的录制邀请，一时间让许多不曾关注时尚领域的民众也知晓韩火火所带动的风潮魅力。2010年起，参与旅游卫视时尚资讯类节目《第一时尚》的录制，并成为长期特邀嘉宾主持，因而得到持续广泛的关注。2012年起，先后与adidas、YSL、SONY、Lancome、CHANEL等国际知名一线品牌合作，以极其迅猛的速度在时尚、创意的领域里打造出属于自己的天地。2013年4月，成为时尚大帝“老佛爷”Karl Lagerfeld所掌镜的《THE LITTLE BLACK JACKET》展览中，唯一被力荐的中国新生代时尚ICON。2014年8月8日，加盟国内首档明星跨界时尚真人秀节目《女神的新衣》，并担任时尚顾问。2014年9月12日，参与中国第一影视门户“爱奇艺”力推的全国首档时尚街拍类系列节目《街拍瞬间》的录制拍摄。,"{'中文名': '韩火火', '外文名': 'Frankie Han', '别名': '二火', '国籍': '中国', '民族': '汉族', '出生地': '北京西城区', '出生日期': '1989年10月30日', '星座': '天蝎座', '身高': '178 cm', '体重': '60 kg', '毕业院校': '北京联合大学', '职业': '时装创意人', '经纪公司': '韩火火工作室、STYLE风尚国际有限公司', '代表作品': '《Fire Bible 2014》、《街拍瞬间》、《VOGUE服饰与美容》', '主要成就': '2014年搜狐时尚盛典年度造型师', '性别': '男'}","defaultdict(<class 'list'>, {'好友': ['周雨彤', '高圆圆']})","['学生时期(2张)韩火火出生并成长在一个普通的三口之家，和大多同龄的孩子们一样，父亲母亲都是平凡的职工。小时候，父母便经历了下岗再创业，这样跌宕的生活境遇让火火在很小的年纪便已经能够体谅父母面对生活的艰辛与不易，也知晓珍惜和感恩的道理。有别于同龄孩子的顽皮吵闹，小时候常常表现出安静沉默的一面，别人家的孩子们大都喜欢学武术、学钢琴或是唱歌，可是火火却能做到安静地完成一件自己欣赏的手工作品，关于审美鉴赏方面的优势是在他年幼的孩童时光就已经展现出来的。', '自小就已经展现出充满自己独特视角的审美鉴赏能力。大学一年级在读期间，一次与同学在王府井逛街时被星探发现，不久之后，便被选为“动感地带”系列广告中年轻形象之一参与拍摄。那时，火火还经常为各本刊物充当模特以充实自己的学业生活，最主要合作的杂志是《瑞丽可爱先锋》（现在此本杂志已更名为《瑞丽时尚先锋》），被《Figaro Girl》的编辑倪亚在瑞丽图库中选中而得到的，开启人生中第一次职业模特生涯。']"
赵又廷,赵又廷（Mark Chao），1984年9月25日出生于中国台湾省台北市，华语影视男演员，毕业于加拿大维多利亚大学。2009年，出演了个人首部电视剧作品《痞子英雄》，并凭该剧获得第44届台湾电视金钟奖最佳男主角奖。2010年主演个人首部大银幕作品《艋舺》，凭该片获得第5届亚洲电影大奖最佳新演员奖。2012年，赵又廷主演的爱情片《LOVE》取得了1.25亿元的票房成绩；同年，凭借出演剧情片《搜索》中杨守诚一角获得第15届中国电影华表奖优秀境外华裔男演员奖。2013年，因出演青春爱情片《致我们终将逝去的青春》中陈孝正一角获得关注；同年，主演悬疑动作片《狄仁杰之神都龙王》，饰演狄仁杰。2014年，凭借动作片《痞子英雄：黎明升起》获得第16届华鼎奖最佳男主角奖。2015年，主演3D冒险片《九层妖塔》。2017年，因出演古装玄幻剧《三生三世十里桃花》中夜华一角获得更多关注。2018年，主演都市职场剧《平凡的荣耀》。2019年，主演电影《兰心大剧院》，同年，主演由郭敬明执导的电影《晴雅集》。2021年，主演都市剧《理想之城》播出。,"{'中文名': '赵又廷', '外文名': 'Mark ChaoZhao You Ting조우정', '民族': '汉族', '出生地': '台湾省台北市', '出生日期': '1984年9月25日', '星座': '天秤座', '血型': 'AB型', '身高': '180 cm', '体重': '68 kg', '毕业院校': '维多利亚大学', '职业': '演员、歌手', '经纪公司': '壹心娱乐', '代表作品': '艋舺、搜索、痞子英雄、南极之恋、三生三世十里桃花、狄仁杰之神都龙王、致我们终将逝去的青春、平凡的荣耀', '主要成就': '第44届台湾电视金钟奖最佳男主角奖第5届亚洲电影大奖最佳新演员奖第15届中国电影华表奖优秀境外华裔男演员奖第16届华鼎奖电影最佳男主角奖2017福布斯中国名人榜第36名', '祖籍': '河北', '信仰': '基督教', '粉丝名称': '游艇'}","defaultdict(<class 'list'>, {'妻子': ['高圆圆'], '女儿': ['Rhea'], '父亲': ['赵树海'], '母亲': ['戴一瑜'], '好友': ['阮经天'], '搭档': ['白敬亭']})",['该人物没有人物生平相关信息']
任嘉伦,任嘉伦，1989年4月11日出生于山东省青岛市，青岛外事服务职业学校2008届航空服务专业毕业，中国内地男演员、歌手。2009年参加“雪碧·飞扬新声名师高徒”进入青岛赛区3强。2010年《先声夺金，唱响亚运》全国总决赛，获得“优秀亚运歌手”称号。2011年通过比赛被选中，加入中韩组合成为练习生，担任队长、领舞和Rapper。后因故未能出道，2014年结束海外学习，回国发展。2014年，被选为古装断案剧《通天狄仁杰》男主角，这是任嘉伦首部电视剧作品，于2017年播出。2017年1月29日，主演古代传奇剧《大唐荣耀》首播，他饰演的李俶荣获第4届“文荣奖”最佳男主角奖 。2017-2018年作为领衔主演，相继拍摄了神话剧《天乩之白蛇传说》，谍战剧《秋蝉》 ，古装剧《锦衣之下》，缉毒剧《不说再见》。2018年参加东方卫视《新舞林大会》，获得第三名。12月发行首支个人单曲《Dreamers  Never Sleep》2019年主演武侠剧《暮白首》，消防救援剧《蓝焰突击》。2019年12月28日，主演的古装爱情悬疑剧《锦衣之下》播出 。2020年领衔主演奇幻爱情剧《乌鸦小姐与蜥蜴先生》，都市剧《一生一世》，古装剧《周生如故》。同年5月担任东方卫视综艺《舞者》领队。8月，作为主要嘉宾参加东方卫视《极限挑战宝藏行·公益季》。2021年在央视春节联欢晚会表演小品《每逢佳节被催婚》。同年主演古装剧《驭鲛记之与君初相识》。4月11日发行第一张个人专辑《三十二·立》，上线五分钟销量突破50万，创QQ音乐“钻石唱片”记录。,"{'中文名': '任嘉伦', '外文名': 'Allen', '国籍': '中国', '民族': '汉族', '出生地': '山东省青岛市', '出生日期': '1989年4月11日', '星座': '白羊座', '血型': 'O型', '身高': '178 cm', '体重': '60 kg', '毕业院校': '青岛外事服务职业学校', '职业': '演员、歌手', '经纪公司': '欢瑞世纪', '代表作品': '大唐荣耀、锦衣之下、周生如故、一生一世', '主要成就': '2018年第五届中国电视好演员表彰盛典优秀演员2018年中国文娱大数据发布盛典年度最具商业价值男艺人奖2017年第4届横店影视文荣奖最佳男主角2009年“优秀亚运歌手”2020年第七届中国电视好演员奖中国电视好演员优秀演员（绿组男演员）展开主要成就2018年第五届中国电视好演员表彰盛典优秀演员2018年中国文娱大数据发布盛典年度最具商业价值男艺人奖2017年第4届横店影视文荣奖最佳男主角2009年“优秀亚运歌手”2020年第七届中国电视好演员奖中国电视好演员优秀演员（绿组男演员）2021爱奇艺尖叫之夜荣誉盛典年度魅力演员第30届中国电视金鹰奖观众喜爱的男演员提名第32届华鼎奖全国观众最喜爱十佳演员收起', '语言能力': '普通话、英语、韩语', '曾经职业': '乒乓球运动员', '原名': '任国超', '性别': '男'}","defaultdict(<class 'list'>, {'妻子': ['聂欢'], '好友': ['杨紫', '周雨', '秦俊杰', '颖儿'], '搭档': ['景甜', '李沁', '宋祖儿', 'Angelababy', '迪丽热巴', '谭松韵', '白鹿'], '前队友': ['陈梦']})","['1989年4月，任嘉伦出生于山东省青岛市。6岁开始练习乒乓球，每天都进行大量的刻苦训练，13岁因成绩优异进入山东省省队，16岁因伤退役，离开了热爱的乒乓球台。', '退役后任嘉伦专注于学业，毕业后进入青岛流亭机场工作，勤奋努力，认真肯干，机场还发出“学习任国超工作精神”的倡导。', '因热爱音乐和舞蹈，任嘉伦利用工作之余，努力学习唱歌跳舞，并参加各种选秀比赛锻炼自己。他2010年参加《先声夺金，唱响亚运》，获得了全国八强、青岛三强，并因此赢得了家人的支持，正式从机场辞职，开启了另一段人生之路。。']"
程枫,程枫，原名程皓枫，1976年12月10日出生于上海市，中国内地影视男演员、主持人，毕业于上海戏剧学院电视艺术系。2002年，出演个人首部电视剧《偶然》，从而正式进入演艺圈。2003年，出演个人首部电影《我的电脑会说话》。2004年，在古装武侠剧《神雕侠侣》中饰演甄志丙，从而受到关注。2005年，主演古装武侠剧《碧血剑》。2007年，主演古装剧《大秦直道》。2009年，出演古装神话魔幻剧《西游记》。2010年，在年代剧《知青》中饰演赵曙光。2012年，在谍战剧《枪花》中饰男主角李克明。2013年，主演家庭情感喜剧《老妈的三国时代》。2014年，在古装传奇剧《琅琊榜》中饰演萧景睿，从而受到更多关注。2016年，获得“中国时尚权力榜颁奖盛典”年度最具风格荧幕形象奖；同年，主演悬疑刑侦网络剧《法医秦明》；之后，出演古装宫廷剧《孤芳不自赏》。2017年，主演年代情感剧《红》。2018年，在抗战剧《穿甲弹》中饰演男主角韩涛。,"{'中文名': '程枫', '外文名': 'Owen', '别名': '程皓枫、小熊、枫少、更年期正太', '国籍': '中国', '民族': '汉族', '出生地': '上海市', '出生日期': '1976年12月10日', '星座': '射手座', '血型': 'A型', '身高': '179 cm', '体重': '70 kg', '毕业院校': '上海戏剧学院电视艺术系主持人专业', '职业': '演员、主持人', '经纪公司': '程皓枫工作室', '代表作品': '法医秦明、琅琊榜、神雕侠侣、枪花、大国手、知青、圣天门口、无懈可击之蓝色梦想', '主要成就': '2016年“中国时尚权力榜颁奖盛典”年度最具风格荧幕形象奖'}","defaultdict(<class 'list'>, {'搭档': ['张家辉']})",['程枫出生于上海市，他从小就热爱文艺和体育。高中毕业时，他还获得了排球国家二级运动员的资格。1995年，考入上海戏剧学院电视艺术系主持人专业。大学毕业后，他取得了学士学位，并选择留校任教；之后，他还担任了东方卫视旅游资讯类节目《新上海假日》的主持人。']
苏青,苏青，1989年7月5日出生于湖南省衡阳市，中国内地女演员、歌手。中国电视艺术家协会演员工作委员会委员，北京市西城区青年联合会第三届委员。2008年，苏青出演个人荧幕处女作《糊涂小天使》，从而正式进入演艺圈。2010年3月，在古装情感剧《美人心计》中饰皇后张嫣。2011年8月，主演动作悬疑剧《生死大营救》。2012年7月，出演古装爱情剧《美人如画》；11月，在民国传奇剧《乱世佳人》中饰演张小蝶。2014年9月，出演古装爱情剧《美人制造》。2015年6月，在悬疑冒险剧《盗墓笔记》中出演古装部分女主瑶光王妃；9月，主演古装情感剧《大汉情缘之云中歌》。2016年10月，主演民国谍战剧《我不是特工》；同年，主演航天题材电视剧《那些年，我们正年轻》。2017年6月，在宫斗剧《延禧攻略》中饰演喜塔腊·尔晴；10月，主演当代军旅剧《特勤精英》。2019年7月，主演民国谍战剧《胜算》；8月，主演都市情感剧《幸福里的春天》。2020年9月，主演抗疫剧《最美逆行者》。2021年6月24日，主演的革命题材剧《大决战》开播；10月，主演话剧《直播开国大典》。2023年，主演现代军旅剧《战旗如画》。,"{'中文名': '苏青', '外文名': 'Su Qing', '别名': '苏苏', '国籍': '中国', '民族': '汉族', '出生地': '湖南省衡阳市', '出生日期': '1989年7月5日', '星座': '巨蟹座', '血型': 'O型', '身高': '167 cm', '体重': '45 kg', '毕业院校': '内蒙古大学', '职业': '演员、歌手', '经纪公司': '天津唐人影视股份有限公司', '代表作品': '延禧攻略、美人心计、胜算、刺、特勤精英、那些年，我们正年轻、不如冒险、幸福里的春天、大决战', '主要成就': '2018年国剧盛典“年度关注女演员”'}","defaultdict(<class 'list'>, {'搭档': ['秦岚', '许凯']})",['苏青出生于湖南省，从小就学唱民歌，由于湖南出了很多歌手，家里便让她朝着“春晚之路”发展。虽然小时候就听任父母安排的道路发展，但她内心却喜欢演戏多过唱歌。为了唱歌，她要在湖南、北京两头跑。19岁那年，苏青自己做主，不做歌手要做演员，当时家人很惊讶但也没辙，她也因为去演戏而留在了北京。']
盛朗熙,盛朗熙（Joy），1993年5月13日出生于上海，中国内地女演员、模特，毕业于上海戏剧学院。2014年7月，出演青春励志片《年青时代》，从而正式进入演艺圈。2015年12月，出演的爱情片《分手再说我爱你》上映。2016年7月，出演的喜剧片《情况不妙》上映；转战电视荧幕之后，于9月主演都市励志偶像剧《美味奇缘》；随后和周渝民、薛凯琪合作主演电影《天生不对》。2017年4月，同周冬雨、张孝全合作出演电影《指甲刀人魔》。2017年7月，参演抗日谍战剧《风声》。2018年6月，出演悬疑刑侦剧《法医秦明2：清道夫》。2021年5月，出演的都市爱情剧《我的漂亮朋友》播出。,"{'中文名': '盛朗熙', '外文名': 'Joy、Joy Sheng', '别名': '盛惠(本名)、 盛朗溪', '国籍': '中国', '民族': '满族', '出生地': '上海市', '出生日期': '1993年5月13日', '星座': '金牛座', '身高': '168 cm', '体重': '45 kg', '毕业院校': '上海戏剧学院', '职业': '演员、模特', '经纪公司': '传递娱乐有限公司', '代表作品': '爱寻迷、美味奇缘、风声、法医秦明2清道夫、我的漂亮朋友'}","defaultdict(<class 'list'>, {'人物关系': ['NONE']})",['盛朗熙从小就喜欢艺术方面的东西，小时候父母会带她去画画、弹琴、 跳舞。因为觉得做演员没有人能教自己，于是她就去做幕后，考进了上海戏剧学院的舞台美术专业。']
冯德伦,冯德伦，1974年8月9日出生于中国香港，毕业于美国密歇根大学，中国香港男导演、演员、歌手。1995年，与雷颂德组成了DRY乐队以歌手身份出道；同年，在“劲歌金曲”获得最受欢迎新人铜奖。1998年，主演同性题材电影《美少年之恋》。1999年，主演电影《特警新人类》。2004年，首次作为导演拍摄了电影《大佬爱美丽》，凭此入围第五届华语电影传媒大奖的最佳新导演奖。2005年，自编自导自演电影《精武家庭》。2007年，凭借执导歌曲《天下大同》MV获得第18届台湾金曲奖最佳音乐录像带导演奖。2011年，和吴彦祖一起创立突围电影制片公司。2012年，自导自演“太极三部曲”系列。2015年，执导并监制的美国AMC电视台剧集《荒原》开播，成为秋季新剧集收视冠军。2017年，自编自导冒险动作片《侠盗联盟》。2019年，执导武术题材剧《五行刺客》，成为首位独立执导Netflix美剧的中国导演。2022年，主演的电影《世间有她》上映。,"{'中文名': '冯德伦', '外文名': 'Stephen Fung', '别名': '德伦、伦哥、Stephen', '国籍': '中国', '民族': '汉族', '出生地': '香港', '出生日期': '1974年8月9日', '星座': '狮子座', '血型': 'O型', '身高': '177 cm', '体重': '69 kg', '毕业院校': '美国密歇根大学', '职业': '导演、演员、歌手', '经纪公司': '华谊兄弟', '代表作品': '女人四十、犀照、特警新人类、幽灵情书', '主要成就': '最佳新晋导演金曲奖最佳音乐导演', '语种': '粤语、普通话、英语、法语', '家庭成员': '父母、两兄长', '祖籍': '广东番禺'}","defaultdict(<class 'list'>, {'妻子': ['舒淇'], '前女友': ['莫文蔚'], '好友': ['陈奕迅', '谢霆锋'], '搭档': ['李彩桦', '雷颂德', '吴彦祖', '徐若瑄']})",['冯德伦(3张)1974年，冯德伦生于香港，母亲石燕是六十年代的邵氏女星，冯德伦的表演天赋或许是得此遗传，从美国密西根大学拿到计算机学位回到香港，开始了他的娱乐圈生涯。']
苗苗,苗苗，1988年11月29日出生于河南省南阳市，中国内地影视女演员，毕业于北京舞蹈学院。2007年，苗苗主演了都市情感剧《谁在说谎》，她也由此正式进入演艺圈。2009年，出演了山西说唱剧《解放》。2013年，参演了红色舞台剧《铁道游击队》。2016年2月，出演了古装剧《楚乔传》。2017年12月15日，主演的青春文艺电影《芳华》上映，她凭借该片获得了第25届北京大学生电影节最佳新人奖。2018年6月，受邀担任世界海洋日暨全国海洋宣传日“海洋公益大使”。2019年，主演的都市题材剧《爱上你治愈我》、青春竞技剧《青春抛物线》相继播出。2020年，苗苗主演的都市题材剧《我是余欢水》播出。2023年3月24日，苗苗领衔主演的现实题材励志影片《不止不休》上映。,"{'中文名': '苗苗', '外文名': 'Vivi', '国籍': '中国', '民族': '汉族', '出生地': '河南省南阳市', '出生日期': '1988年11月29日', '星座': '射手座', '血型': 'A型', '身高': '167 cm', '毕业院校': '北京舞蹈学院', '职业': '演员', '经纪公司': '北京大隐光时文化传媒有限公司', '代表作品': '芳华、我是余欢水、爱上你治愈我、青春抛物线', '主要成就': '第25届北京大学生电影节最佳新人奖'}","defaultdict(<class 'list'>, {'丈夫': ['郑恺']})","['1988年，苗苗出生于河南省南阳市，并在那里长大。她六岁便开始学习舞蹈。1999年，进入北京舞蹈学院附属中学中国舞专业学习舞蹈。2005年，苗苗考进北京舞蹈学院古典舞专业。', '苗苗演艺经历写真活动照苗苗时尚杂志封面写真(14张)苗苗甜美写真图(9张)苗苗清新写真(4张)苗苗清新写真(5张)']"
程晓玥,程晓玥，1990年10月19日出生于中国香港，毕业于多伦多大学，2009年获得上海沙滩宝贝冠军以及最嗲囡囡宝贝奖，2015年承认与演员郑恺相爱。2017年11月25日，郑恺通过微博宣布与相恋两年多的程晓玥已分手，两人已回归朋友关系。2017年底，程晓玥作为常驻嘉宾亮相东方卫视旅社经营类真人秀《青春旅社》。,"{'中文名': '程晓玥', '外文名': 'Yvonne Ching', '国籍': '中国', '民族': '汉族', '出生地': '香港', '出生日期': '1990年10月19日', '星座': '天秤座', '身高': '160 cm', '体重': '40 kg', '毕业院校': '多伦多大学', '职业': '艺人', '代表作品': '青春旅社、我们相爱吧之爱有天意', '主要成就': '2009年上海沙滩宝贝冠军以及最嗲囡囡宝贝奖2019微博十大影响力时尚大V2018戛纳电影节受邀红毯女星2019年威尼斯国际电影节开幕式官方受邀嘉宾'}","defaultdict(<class 'list'>, {'前男友': ['郑恺']})","['程晓玥出生于中国香港，幼年举家移居上海。', '2009年，获得上海“沙滩宝贝”冠军，并同时获得“最嗲囡囡宝贝奖“。', '2012年毕业于加拿大多伦多大学。在LVMH集团、Versace范思哲等公关部担任要职。', '2014年1月，她和母亲参加了杨幂和刘恺威的婚礼。', '2014年5月，程晓玥也曾低调捧场窦骁主演的电影《狼图腾》在上海电影节期间举办的发布会。']"
蔡徐坤,蔡徐坤（KUN），1998年8月2日出生于浙江省温州市，户籍湖南吉首，中国内地男歌手、演员、原创音乐制作人、MV导演。2012年8月，蔡徐坤参演的偶像剧《童话二分之一》播出，由此开始步入大众视线。2018年1月，参加竞演类综艺节目《偶像练习生》并以总票数第一正式出道，成为限定男团NINE PERCENT队长；8月，发行首张EP《1》，获2018亚洲新歌榜年度盛典最受欢迎潜力男歌手奖；随后，他还发行原创单曲《Wait Wait Wait》，并携手格莱美奖最佳MV获奖导演戴夫·迈尔斯打造歌曲MV。2019年1月，被授予“中牙友好大使暨中牙杰出青年领袖人物”称号；3月，成功开启横跨三个国家、六座城市的海外公演《ONE》；7月，发行首张数字专辑《YOUNG》；10月，携手中国儿童少年基金会共同设立“葵计划爱心基金”。2020年3月，加盟《青春有你第二季》担任青春制作人代表；4月9日，原创公益歌曲《Home》全网上线；随后，加盟户外竞技真人秀《奔跑吧第四季》担任常驻MC；7月，获第27届东方风云榜最佳男歌手等三个奖项。2021年1月，获得第二届TMEA腾讯音乐娱乐盛典年度最具影响力唱作歌手和年度最具号召力歌手两个奖项，单曲《情人》获得年度十大金曲奖；4月13日，发行个人创作专辑《迷》；7月17日，于北京凯迪拉克中心举办首场个人巡回演唱会，同年获第三届TMEA腾讯音乐娱乐盛典年度最具影响力制作人等多项荣誉。2023年1月24日，参加《奋进新征程——2023中国网络视听年度盛典》，演唱歌曲《默片》。,"{'中文名': '蔡徐坤', '外文名': 'KUN', '国籍': '中国', '民族': '汉族', '出生地': '浙江温州', '出生日期': '1998年8月2日', '星座': '狮子座', '血型': 'A型', '身高': '184 cm', '体重': '60 kg', '职业': '歌手、演员、音乐制作人', '经纪公司': '蔡徐坤工作室', '代表作品': ""重生、情人、Home、迷、YOUNG、没有意外、蒙着眼、Wait Wait Wait、Pull Up、You Can Be My GirlFriend、Hard To Get、IT'S YOU、Hug me"", '主要成就': '第十五届MAHB年度先生盛典年度先生奖2019智族GQ年度人物盛典年度人气偶像奖中牙友好大使暨中牙杰出青年领袖人物2020TMEA音乐盛典年度最具号召力歌手、最具影响力创作歌手音乐盛典咪咕汇2020年度内地最佳男歌手、内地最受欢迎男歌手展开主要成就第十五届MAHB年度先生盛典年度先生奖2019智族GQ年度人物盛典年度人气偶像奖中牙友好大使暨中牙杰出青年领袖人物2020TMEA音乐盛典年度最具号召力歌手、最具影响力创作歌手音乐盛典咪咕汇2020年度内地最佳男歌手、内地最受欢迎男歌手2020微博之夜微博年度原创音乐人收起', '户籍': '湖南吉首', '粉丝名': 'IKUN', '性别': '男', '毕业学校': '深圳市南山区第二实验学校'}","defaultdict(<class 'list'>, {'队友': ['刘也', '赵品霖', '俞更寅', '吾木提·吐尔逊', '何屹繁'], '搭档': ['李晨', 'Angelababy', '郑恺', '白鹿'], '前队友': ['范丞丞', '陈立农', '黄明昊', '林彦俊', '朱正廷', '王子异', '小鬼', '尤长靖']})",['该人物没有人物生平相关信息']
刘也,刘也，1993年11月15日出生于吉林省松原市，中国流行乐男歌手，男子演唱组合SWIN-S、R1SE成员。2015年7月，参加安徽卫视青春励志榜样养成类真人秀《星动亚洲第一季》。2016年，刘也参加《星动亚洲第二季》，进入星动亚洲梦之队，并加入组合SWIN，正式出道；12月，随组合发行首张迷你专辑《New World》。2017年5月，随组合举办巡回歌迷见面会；7月，随组合发行首张数字专辑《EP1》。2018年1月，随组合发行第二张数字专辑《EP2》；2月，参加优酷舞蹈节目《这！就是街舞》，止步12强；2019年4月，作为选手参与录制腾讯视频青年团训选秀节目《创造营2019》，最终在节目中获第8名，成功出道；8月，随R1SE推出首张音乐EP《就要掷地有声的炸裂》；12月，其参与的综艺《十一少年的秋天》上线；并随R1SE推出第二张音乐EP《炸裂狂想曲》。2022年8月4日，官宣参加8月19日举办的耳浪音乐节。,"{'中文名': '刘也', '外文名': '리우예', '别名': '小也、也子', '国籍': '中国', '民族': '汉族', '出生地': '吉林省松原市', '出生日期': '1993年11月15日', '星座': '天蝎座', '身高': '177 cm', '职业': '歌手', '经纪公司': '刘也个人工作室', '代表作品': '就要掷地有声的炸裂、无愧、荣耀的战场、少年如故、R.1.S.E、喊出我的名字、fireman'}","defaultdict(<class 'list'>, {'队友': ['俞更寅', '蔡徐坤', '何屹繁', '吾木提·吐尔逊', '赵品霖'], '前队友': ['任豪']})",['刘也在北京齐鲁音乐学院和吉林省歌舞团进修过，练习过两年的民族舞，同时还精通现代舞和流行舞，具有中国舞蹈家协会流行舞教师的资格，曾随所属SPY Family舞队参与央视、北京春晚等卫视活动。2012年至2014年期间，刘也参加过《向上吧！少年》《快乐男声》《奇舞飞扬》等选秀节目。刘也']
赵品霖,赵品霖，1994年6月29日出生于浙江省温州市，中国内地男歌手、演员。2015年，参加青春励志榜样养成类真人秀《星动亚洲第一季》，从而进入演艺圈。2016年，出道加入男子组合SWIN-S，担任主唱，并发行首张迷你专辑《NEW WORLD》。2017年至2018年，随SWIN陆续发行音乐EP《EP1》《EP2》。2019年，在综艺节目《以团之名》决赛获得人气C位，随男子组合Black ACE发行同名EP《BlackACE》；同年，发行个人首张EP《Beautiful》，并在古装玄幻电影《妖宴长安》中首次担纲男主。2020年，发行个人第二张EP《Moon Light》。2021年，主演的古装玄幻电影《妖宴洛阳》上线。2022年，主演的都市爱情剧《你是我的美味》和古装轻喜剧《沧月绘》相继播出。2023年，发行音乐EP《不完美命题》。,"{'中文名': '赵品霖', '外文名': 'Pearain짜오핀린', '国籍': '中国', '民族': '汉族', '出生地': '浙江省温州市', '出生日期': '1994年6月29日', '星座': '巨蟹座', '身高': '180 cm', '体重': '67.5 kg', '毕业院校': '横店影视职业学院', '职业': '歌手、演员', '代表作品': '习惯了、黄金海岸、灰烬、淋雨的花火'}","defaultdict(<class 'list'>, {'队友': ['刘也', '蔡徐坤', '何屹繁', '吾木提·吐尔逊', '俞更寅']})","['赵品霖大学时就读于浙江横店影视职业学院，主修表演专业。2014年，他参加周星驰执导的3D喜剧电影《美人鱼》全国选角大赛，在10万选手中入选全国43强；同年，获金马传奇影视新星一等奖和最具活力奖。在学校期间，他作为东阳十佳歌手出席第六届“青牛奖”颁奖盛典，表演《另一个天堂》。', '生日写真']"
俞更寅,俞更寅，1996年4月28日出生于广东省，中国内地流行乐男歌手、演员、舞者。2015年，参加安徽卫视与韩国MBC电视台联合创办的综艺节目《星动亚洲第一季》，最终入围前15强。2016年，参加《星动亚洲第二季》，最终获得梦之队7强；同年，正式以男子团体SWIN成员身份出道，并担任音乐小分队SWIN-S的主唱兼队长。2018年，正式单飞，并成立俞更寅（上海）文化传媒工作室。2019年，以常驻评委身份参加海峡卫视两岸高校音乐大赛《青春最强音第三季》 ；同年，出演个人首部电影《兔子暴力》。2020年，主演古装爱情喜剧《原来是花男城啊！》。2021年，发布首支个人原创单曲《你还好吗》；同年，作为学员参加腾讯视频国际青年文化交流男团成长综艺《创造营2021》；8月，发布首张个人音乐专辑《梦原体》。,"{'中文名': '俞更寅', '外文名': 'Gengyin Yu', '别名': '小鱼、俞队', '国籍': '中国', '出生地': '广东省汕尾市陆丰市', '出生日期': '1996年4月28日', '星座': '金牛座', '身高': '183 cm', '体重': '68 kg', '毕业院校': '华强职业技术学院', '职业': '歌手、演员、舞者', '经纪公司': '俞更寅（上海）文化传媒工作室', '代表作品': '你还好吗、Top Now、准备好没有、梦岛、KeepRunning', '主要成就': '2015年《星动亚洲第一季》15强2016年《星动亚洲第二季》梦之队7强', '所属组合': 'SWIN、SWIN-S', '队内职务': '队长、主唱', '性别': '男'}","defaultdict(<class 'list'>, {'队友': ['刘也', '赵品霖', '何屹繁', '吾木提·吐尔逊', '蔡徐坤']})",['俞更寅出生于广东省，并在那里读书、成长。在学校就读期间，担任学生会外联部部长、音乐社社员，以《星期六的深夜》等歌曲成为校园十大歌手之一；此外，他还凭借一曲《可惜不是你》获得学校第三届校园十佳歌手第一名。']
吾木提·吐尔逊,吾木提·吐尔逊（Umut），1999年7月7日出生于新疆乌鲁木齐，男子组合SWIN成员，中国内地男歌手。2011年，吾木提·吐尔逊首次参加综艺节目《舞动好声音》。2014年5月，他又参加了浙江卫视主办的专业舞蹈评论节目《中国好舞蹈》。2014年11月21日，参加真人秀节目《中国好男儿》，最终进入全国前24强。2015年7月10日，吾木提·吐尔逊随Bswan团队获得了《星动亚洲》第一季冠军。2016年10月，因加入10人男子组合SWIN而正式出道；12月20日，所在组合SWIN-S发行首张迷你专辑《New World》。,"{'中文名': '吾木提·吐尔逊', '外文名': 'Umut', '别名': '希望', '国籍': '中国', '民族': '维吾尔族', '出生地': '新疆乌鲁木齐', '出生日期': '1999年7月7日', '星座': '巨蟹座', '血型': 'B型', '身高': '175 cm', '职业': '舞者、歌手', '经纪公司': '海尧（上海）影视传媒有限公司', '代表作品': 'New World、For You', '所在组合': 'SWIN'}","defaultdict(<class 'list'>, {'队友': ['刘也', '赵品霖', '俞更寅', '蔡徐坤', '何屹繁']})",['该人物没有人物生平相关信息']
何屹繁,何屹繁，1998年8月22日出生于四川宜宾，中国内地影视男演员、流行乐歌手。2015年10月16日，在安徽卫视青春励志真人秀《星动亚洲第一季》中夺冠。2016年3月4日，参与录制的青春励志真人秀《星动亚洲第二季》在安徽卫视播出；10月18日，以SWIN-S成员身份出道。2017年7月17日，随SWIN发布专辑《EP1》。2018年8月22日，发布个人全创作单曲《LEO KING》。2019年1月17日，参与录制的综艺节目《以团之名》在优酷视频播出。2020年5月27日，参演的古装武侠校园喜剧《暴走武林学园》在爱奇艺播出。2021年2月17日，参与录制的男团成长综艺《创造营2021》在腾讯视频播出。,"{'中文名': '何屹繁', '外文名': 'Leo', '国籍': '中国', '民族': '汉族', '出生地': '四川宜宾', '出生日期': '1998年8月22日', '星座': '狮子座', '身高': '175 cm', '体重': '55 kg', '毕业院校': '四川音乐学院', '职业': '歌手、演员', '经纪公司': '浩鑫娱乐', '代表作品': 'New World、LEO KING、星动亚洲、创造营2021', '主要成就': '《星动亚洲》第一季冠军队队员之一《星动亚洲》第二季最终梦之队七人之一《以团之名》未知少年队班长', '组合': 'SWIN-S'}","defaultdict(<class 'list'>, {'队友': ['刘也', '赵品霖', '俞更寅', '蔡徐坤', '吾木提·吐尔逊']})",['该人物没有人物生平相关信息']
李晨,李晨，1978年11月24日出生于北京市，中国内地影视男演员、导演、监制、赛车手，毕业于北京群星表演艺术学校。1997年，出演个人首部电视剧《十七岁不哭》，从而正式进入演艺圈。1998年，主演警匪剧《刑警本色》。2002年，在清宫剧《十三格格》中饰演男主角七贝勒。2004年，主演警匪剧《危情24小时》。2005年，主演刑侦剧《一针见血》。2006年，主演军旅励志剧《士兵突击》。2007年，主演剧情电影《地下的天空》。2008年，凭借电影《极限救援》获得“第11届上海电影节传媒大奖”最具潜力新人奖。2009年，主演灾难电影《唐山大地震》；同年主演抗战剧《我的团长我的团》。2010年，主演抗战剧《生死线》；同年，在都市情感剧《北京爱情故事》中饰演男主角吴狄。2011年，凭借电影《唐山大地震》获得“第五届娱乐大典”年度电影飞跃人物大奖；同年又主演青春励志剧《北京青年》。2012年，主演近代革命剧《好家伙》。2013年，主演医疗剧《到爱的距离》。2014年，参加浙江卫视户外竞技真人秀《奔跑吧兄弟》的录制；同年，主演古装宫廷剧《武媚娘传奇》。2015年，主演的抗战剧《秀才遇到兵》。2016年，获得“第18届华鼎奖”中国最佳电视剧男演员奖、第23届北京大学生电影节“最受大学生欢迎”的男演员奖。2017年，执导并主演现代空战题材电影《空天猎》。2018年，获得“2016-2017绿色中国年度人物”；同年，主演悬疑剧《七日生》。2019年6月27日，范冰冰宣布与李晨分手。2021年，主演电影《1921》。,"{'中文名': '李晨', '别名': '晨晨、晨儿、晨哥、大黑牛', '国籍': '中国', '民族': '汉族', '出生地': '北京市', '出生日期': '1978年11月24日', '星座': '射手座', '血型': 'B型', '身高': '180 cm', '体重': '76 kg', '毕业院校': '北京群星表演艺术学校', '职业': '演员、导演、赛车手', '经纪公司': '华谊兄弟时代文化经纪有限公司', '代表作品': '士兵突击、生死线、北京青年、北京爱情故事、好家伙、草帽警察、秀才遇到兵、唐山大地震、空天猎、十七岁不哭、1921、建党伟业', '主要成就': '2015福布斯中国名人榜排名第19位第11届上海国际电影节最具潜力男新人第37届国际艾美奖提名最佳男主角2012华鼎奖百强电视剧最佳男主角偶像励志题材电视剧最佳男演员第31届大众电影百花奖最佳男配角提名展开主要成就2015福布斯中国名人榜排名第19位第11届上海国际电影节最具潜力男新人第37届国际艾美奖提名最佳男主角2012华鼎奖百强电视剧最佳男主角偶像励志题材电视剧最佳男演员第31届大众电影百花奖最佳男配角提名2016年获得第23届北京大学生电影节“最受大学生欢迎”的男演员奖收起', '经纪人': '刘陆'}","defaultdict(<class 'list'>, {'前女友': ['范冰冰', '迪丽娜尔'], '祖母': ['张其超'], '好友': ['杨烁', '霍思燕', '张歆艺', '邓超', '沙溢', '郑恺', '杜江', '杜淳'], '搭档': ['马伊琍', '张芷溪', '袁姗姗', '马里山', '蔡徐坤', '马苏', '张译']})",[ERROR]检索人物生平信息出错
Angelababy,Angelababy（杨颖），1989年2月28日出生于上海市（一说为香港），华语影视女演员、时尚模特。2003年，Angelababy以模特身份出道，此后，因担任时尚模特而在香港崭露头角。2007年，开始将工作重心转向大银幕。2011年，在爱情片《夏日乐悠悠》中首次担任电影女主角。2012年，凭借言情片《第一次》获得第13届华语电影传媒大奖最受瞩目女演员奖。2013年，与其她三位女艺人被《南都娱乐周刊》选为新“四小花旦”；同年，她还完成了个人的荧屏处女作《大汉情缘之云中歌》。2014年，开始凭借真人秀《奔跑吧兄弟》赢得广泛关注；同年，她还因出演古装片《狄仁杰之神都龙王》获得第21届北京大学生电影节最受欢迎女演员奖。2015年，其主演的冒险片《鬼吹灯之寻龙诀》票房突破16亿人民币，而她也凭借该片获得第33届大众电影百花奖最佳女配角奖。2017年，其主演的古装剧《孤芳不自赏》取得全国同时段电视剧收视冠军。2020年，主演爱情片《明天你是否依然爱我》；同年，第八次入选福布斯中国名人榜，并位列第16位。,"{'中文名': '杨颖', '外文名': 'Angelababy', '别名': 'Baby、AB', '国籍': '中国', '民族': '汉族', '出生地': '上海市(一说为香港)', '出生日期': '1989年2月28日', '星座': '双鱼座', '血型': 'O型', '毕业院校': '嘉诺撒圣心商学书院', '职业': '演员、模特', '经纪公司': 'Angelababy工作室', '代表作品': '夏日乐悠悠、第一次、微微一笑很倾城、鬼吹灯之寻龙诀、狄仁杰之神都龙王、摆渡人、摩天大楼', '主要成就': '华语电影传媒大奖最受瞩目女演员北京大学生电影节最受欢迎女演员第33届大众电影百花奖最佳女配角奖', '生肖': '蛇', '亲属关系': '父母、弟弟、儿子', '使用语言': '普通话、吴语、粤语、英语、日语'}","defaultdict(<class 'list'>, {'儿子': ['小海绵'], '弟弟': ['杨帆'], '前夫': ['黄晓明'], '前男友': ['陈伟霆'], '好友': ['杨幂', '井柏然', '郑恺', '张大大', '韩火火'], '搭档': ['白鹿', '赵又廷', '任嘉伦', '蔡徐坤', '程枫', '苏青', '盛朗熙', '冯德伦']})",[ERROR]检索人物生平信息出错
郑恺,郑恺（Ryan），1986年4月17日出生于上海市，中国内地影视男演员，毕业于上海戏剧学院表演系。2007年，出演个人首部电影《奔跑吧有情人》，从而正式进入演艺圈。2008年，出演个人首部电视剧《都市六人行》。2009年，主演家庭科幻喜剧《家有外星人》。2010年，在都市励志情感剧《杜拉拉升职记》中饰演周亮。2011年，获得第6届风尚中国榜年度风尚影视新人奖；同年，主演都市爱情励志电影《奋斗》。2012年，主演都市情感剧《离婚前规则》。2013年，在青春爱情电影《致我们终将逝去的青春》中饰演许开阳。2014年，参加浙江卫视户外竞技真人秀节目《奔跑吧兄弟》；同年，凭借电影《前任攻略》获得第2届伦敦国际华语电影节最佳男配角奖。2015年，获得第15届华语电影传媒大奖最受瞩目男演员奖。2016年，在古装武侠剧《国士无双黄飞鸿》中饰演男主角黄飞鸿。2017年，获得时尚先生年度盛典年度实力偶像奖；同年，参加浙江卫视户外竞技真人秀节目《奔跑吧》；10月9日，其主演的都市情感剧《国民大生活》首播；12月8日，获得商业星力量巅峰人物年度盛典年度吸引力明星奖。2018年1月1日，获得国剧盛典年度影响力剧星奖；3月，获得第9届金扫帚奖最令人失望男演员；4月，参与录制浙江卫视明星户外竞技真人秀《奔跑吧第二季》；5月，参与录制东方卫视体验型励志综艺节目《青春同学会》；10月25日，获得时装之夜年度盛典时代创造力奖。12月，获得美国《综艺》杂志-跨越亚洲·明日之星奖。,"{'中文名': '郑恺', '外文名': 'Ryan', '别名': '小猎豹', '国籍': '中国', '民族': '汉族', '出生地': '上海市', '出生日期': '1986年4月17日', '星座': '白羊座', '血型': 'AB型', '身高': '178 cm', '体重': '65 kg', '毕业院校': '上海戏剧学院', '职业': '演员', '经纪公司': '华谊兄弟时代文化经纪有限公司', '代表作品': '影、致我们终将逝去的青春、私人订制、前任攻略、国民大生活、也平凡', '主要成就': '2013年“优酷影视盛典电视剧”最具潜力演员奖2013年“风尚中国颁奖盛典”风尚影视新人奖2013年“MSN时尚影响力盛典”年度突破男演员奖2011年“影视盛典”最佳新人奖2018年时装之夜年度盛典时代创造力奖'}","defaultdict(<class 'list'>, {'妻子': ['苗苗'], '前女友': ['程晓玥'], '好友': ['李晨', 'Angelababy', '邓超', '沙溢', '白鹿', '杜江'], '搭档': ['葛优', '蔡徐坤', '韩庚']})",[ERROR]检索人物生平信息出错
白鹿,白鹿，1994年9月23日出生于江苏省常州市，中国内地女演员、模特。2016年7月，白鹿在陆虎单曲《留言》MV里担任女主角；9月，出演个人首部电视剧《朝歌》，从而正式进入演艺圈。2017年，白鹿在古装剧《凤囚凰》中一人分饰两角；12月，凭借爱情轻喜剧《大王不容易》获得腾讯视频星光大赏年度潜力电视剧女演员奖；同年，主演剧版《西游记女儿国》，饰演女儿国国王无双。2018年，凭借《凤囚凰》获得“年度戏剧潜力艺人”奖项。2019年，主演热血青春剧《烈火军校》和青春偶像剧《半是蜜糖半是伤》。2020年，主演轻喜剧《九流霸主》。2021年，主演古装轻喜剧《玉楼春》；同年，主演的古装剧《周生如故》和电视剧《一生一世》相继在爱奇艺播出。2022年，主演的市“警”百态生活剧《警察荣誉》在央视八套和爱奇艺播出。,"{'中文名': '白鹿', '外文名': 'Lu Bai', '国籍': '中国', '民族': '汉族', '出生地': '江苏省常州市', '出生日期': '1994年9月23日', '星座': '处女座', '身高': '165 cm', '体重': '47 kg', '毕业院校': '江苏联合职业技术学院(常州旅游商贸分院)', '职业': '演员、模特', '经纪公司': '欢娱影视', '代表作品': '招摇、周生如故、一生一世、烈火军校、半是蜜糖半是伤、长月烬明、宁安如梦', '主要成就': '腾讯视频星光大赏年度潜力电视剧女演员', '语种': '普通话、韩语', '特长': '舞蹈、唱歌', '原名': '白梦妍'}","defaultdict(<class 'list'>, {'好友': ['庄锭欣', '费启鸣', '刘些宁', '虞书欣', '张逸杰', '郑恺'], '搭档': ['Angelababy', '张若昀', '邓为', '孙珍妮', '任嘉伦', '张凌赫', '许凯', '罗云熙', '王鹤棣', '蔡徐坤']})",[ERROR]检索人物生平信息出错
范丞丞,范丞丞，2000年6月16日出生于山东省青岛市，中国内地男演员、歌手。2018年11月22日，发布首支个人单曲《I'm Here》；12月18日，获得第十届新京报“中国时尚权力榜”年度新势力艺人。2018年至2020年，连续三年参加浙江卫视跨年演唱会。2019年5月，担任浙江卫视《青春环游记》常驻嘉宾；6月16日，发行专辑《Like A Fan》；10月17日，范丞丞入选2019福布斯中国30位30岁以下精英榜。2020年，发行了首张EP《EMERGING》；2021年1月，主演的神话新武侠剧《灵域》在爱奇艺播出，饰演秦烈；3月3日，法国奢侈品牌纪梵希宣布歌手及演员范丞丞成为其品牌代言人；11月3日，主演的轻科幻冒险悬疑剧《致命愿望》在爱奇艺播出，饰演裘文东；11月19日，主演的电影《门锁》上映，饰演保安小吴。2022年5月，主演电影《了不起的夜晚》开机；7月29日，主演的电视剧《被遗忘的时光》在芒果tv播出，饰演路小凡。8月，宣布领衔主演电影《拨云见日》，并亮相第十二届北京国际电影节开幕式；8月14日，获得新浪2022微博电影之夜盛典“年度潜力演员”荣誉。,"{'中文名': '范丞丞', '外文名': 'Adam', '别名': '福西西', '国籍': '中国', '民族': '汉族', '出生地': '山东省青岛市', '出生日期': '2000年6月16日', '星座': '双子座', '血型': 'A型', '身高': '183 cm', '体重': '66 kg', '职业': '演员、歌手', '经纪公司': '范丞丞工作室', '代表作品': ""了不起的夜晚、I'm Here、门锁、致命愿望、灵域"", '主要成就': '第十届新京报“中国时尚权力榜”年度时尚艺人2018搜狐时尚盛典年度时尚影响力男明星2022微博电影之夜年度潜力演员', '所属团体': '乐华七子NEXT组合'}","defaultdict(<class 'list'>, {'父亲': ['范涛'], '母亲': ['张传美'], '姐姐': ['范冰冰'], '堂妹': ['范朵朵'], '队友': ['李权哲', '黄新淳', '丁泽仁', '毕雯珺', '朱正廷', '黄明昊'], '搭档': ['张一山', '杨紫', '朱颜曼滋'], '前队友': ['陈立农', '林彦俊', '王子异', '小鬼', '尤长靖', '蔡徐坤']})",[ERROR]检索人物生平信息出错
